SERVICE;DEPARTEMENT;DIRECTIONNAME;DIRECTION
JURIDIQUE;JURIDIQUE;Direction Juridique et Assurances;DJA
QUALITE ET GESTION DE RISQUE;QUALITE ET GESTION DE RISQUE;Direction Qualité et RSE;DQRSE
COMMUNICATION;COMMUNICATION;Direction Générale;DGE
PROJETS ET INGENIERIE;PROJETS ET INGENIERIE;Direction Générale;DGE
DIRECTION GENERALE;DIRECTION GENERALE;Direction Générale;DGE
ELECTRICITE;MAINTENANCE OPERATIONNELLE;Direction Générale;DGE
FINANCES ET COMPTABILITE;COMPTABILITE ET FACTURATION;Direction Administrative et Financière;DAF
PROGRAMME ET RESSOURCES;PROGRAMME ET RESSOURCES;Direction des Opérations;DOP
TERMINAL ET LANDSIDE;TERMINAL ET LANDSIDE;Direction des Opérations;DOP
FINANCES ET COMPTABILITE;COMPTABILITE ET FACTURATION;Direction Administrative et Financière;DAF
SCAN;SCAN;Direction des Opérations;DOP
TERMINAL ET LANDSIDE;TERMINAL ET LANDSIDE;Direction des Opérations;DOP
TERMINAL ET LANDSIDE;TERMINAL ET LANDSIDE;Direction des Opérations;DOP
TERMINAL ET LANDSIDE;TERMINAL ET LANDSIDE;Direction des Opérations;DOP
AIRSIDE;AIRSIDE;Direction des Opérations;DOP
CVC ET PLOMBERIE;MAINTENANCE OPERATIONNELLE;Direction Générale;DGE
TERMINAL ET LANDSIDE;TERMINAL ET LANDSIDE;Direction des Opérations;DOP
TERMINAL ET LANDSIDE;TERMINAL ET LANDSIDE;Direction des Opérations;DOP
TERMINAL ET LANDSIDE;TERMINAL ET LANDSIDE;Direction des Opérations;DOP
TERMINAL ET LANDSIDE;TERMINAL ET LANDSIDE;Direction des Opérations;DOP
TERMINAL ET LANDSIDE;TERMINAL ET LANDSIDE;Direction des Opérations;DOP
SCAN;SCAN;Direction des Opérations;DOP
SCAN;SCAN;Direction des Opérations;DOP
AIRSIDE;AIRSIDE;Direction des Opérations;DOP
TERMINAL ET LANDSIDE;TERMINAL ET LANDSIDE;Direction des Opérations;DOP
ACHATS;ACHATS;Direction Administrative et Financière;DAF
TERMINAL ET LANDSIDE;TERMINAL ET LANDSIDE;Direction des Opérations;DOP
TERMINAL ET LANDSIDE;TERMINAL ET LANDSIDE;Direction des Opérations;DOP
TERMINAL ET LANDSIDE;TERMINAL ET LANDSIDE;Direction des Opérations;DOP
TERMINAL ET LANDSIDE;TERMINAL ET LANDSIDE;Direction des Opérations;DOP
TERMINAL ET LANDSIDE;TERMINAL ET LANDSIDE;Direction des Opérations;DOP
TERMINAL ET LANDSIDE;TERMINAL ET LANDSIDE;Direction des Opérations;DOP
TERMINAL ET LANDSIDE;TERMINAL ET LANDSIDE;Direction des Opérations;DOP
CVC ET PLOMBERIE;MAINTENANCE OPERATIONNELLE;Direction Générale;DGE
CVC ET PLOMBERIE;MAINTENANCE OPERATIONNELLE;Direction Générale;DGE
CVC ET PLOMBERIE;MAINTENANCE OPERATIONNELLE;Direction Générale;DGE
TERMINAL ET LANDSIDE;TERMINAL ET LANDSIDE;Direction des Opérations;DOP
TERMINAL ET LANDSIDE;TERMINAL ET LANDSIDE;Direction des Opérations;DOP
FINANCES ET COMPTABILITE;COMPTABILITE ET FACTURATION;Direction Administrative et Financière;DAF
SCAN;SCAN;Direction des Opérations;DOP
TERMINAL ET LANDSIDE;TERMINAL ET LANDSIDE;Direction des Opérations;DOP
SCAN;SCAN;Direction des Opérations;DOP
SCAN;SCAN;Direction des Opérations;DOP
SCAN;SCAN;Direction des Opérations;DOP
SCAN;SCAN;Direction des Opérations;DOP
TERMINAL ET LANDSIDE;TERMINAL ET LANDSIDE;Direction des Opérations;DOP
TERMINAL ET LANDSIDE;TERMINAL ET LANDSIDE;Direction des Opérations;DOP
TERMINAL ET LANDSIDE;TERMINAL ET LANDSIDE;Direction des Opérations;DOP
TERMINAL ET LANDSIDE;TERMINAL ET LANDSIDE;Direction des Opérations;DOP
TERMINAL ET LANDSIDE;TERMINAL ET LANDSIDE;Direction des Opérations;DOP
TERMINAL ET LANDSIDE;TERMINAL ET LANDSIDE;Direction des Opérations;DOP
AIRSIDE;AIRSIDE;Direction des Opérations;DOP
AIRSIDE;AIRSIDE;Direction des Opérations;DOP
FACTURATION ET STATISTIQUES;COMPTABILITE ET FACTURATION;Direction Administrative et Financière;DAF
ACHATS;ACHATS;Direction Administrative et Financière;DAF
TERMINAL ET LANDSIDE;TERMINAL ET LANDSIDE;Direction des Opérations;DOP
TERMINAL ET LANDSIDE;TERMINAL ET LANDSIDE;Direction des Opérations;DOP
PROJETS ET INGENIERIE;PROJETS ET INGENIERIE;Direction Générale;DGE
TERMINAL ET LANDSIDE;TERMINAL ET LANDSIDE;Direction des Opérations;DOP
TERMINAL ET LANDSIDE;TERMINAL ET LANDSIDE;Direction des Opérations;DOP
TERMINAL ET LANDSIDE;TERMINAL ET LANDSIDE;Direction des Opérations;DOP
RELATIONS SOCIALES;RESSOURCES HUMAINES;Direction des Ressources Humaines;DRH
SCAN;SCAN;Direction des Opérations;DOP
TERMINAL ET LANDSIDE;TERMINAL ET LANDSIDE;Direction des Opérations;DOP
TERMINAL ET LANDSIDE;TERMINAL ET LANDSIDE;Direction des Opérations;DOP
TERMINAL ET LANDSIDE;TERMINAL ET LANDSIDE;Direction des Opérations;DOP
DEVELOPPEMENT RH;DEVELOPPEMENT RH;Direction des Ressources Humaines;DRH
TERMINAL ET LANDSIDE;TERMINAL ET LANDSIDE;Direction des Opérations;DOP
TERMINAL ET LANDSIDE;TERMINAL ET LANDSIDE;Direction des Opérations;DOP
TERMINAL ET LANDSIDE;TERMINAL ET LANDSIDE;Direction des Opérations;DOP
TERMINAL ET LANDSIDE;TERMINAL ET LANDSIDE;Direction des Opérations;DOP
TERMINAL ET LANDSIDE;TERMINAL ET LANDSIDE;Direction des Opérations;DOP
TERMINAL ET LANDSIDE;TERMINAL ET LANDSIDE;Direction des Opérations;DOP
SCAN;SCAN;Direction des Opérations;DOP
LANDSIDE ET ACCES;DIRECTION GENERALE;Direction Générale;DGE
AIRSIDE;AIRSIDE;Direction des Opérations;DOP
AIRSIDE;AIRSIDE;Direction des Opérations;DOP
TERMINAL ET LANDSIDE;TERMINAL ET LANDSIDE;Direction des Opérations;DOP
TERMINAL ET LANDSIDE;TERMINAL ET LANDSIDE;Direction des Opérations;DOP
MAINTENANCE OPERATIONNELLE;MAINTENANCE OPERATIONNELLE;Direction Générale;DGE
TERMINAL ET LANDSIDE;TERMINAL ET LANDSIDE;Direction des Opérations;DOP
ELECTROMECANIQUE;MAINTENANCE OPERATIONNELLE;Direction Générale;DGE
ELECTROMECANIQUE;MAINTENANCE OPERATIONNELLE;Direction Générale;DGE
TERMINAL ET LANDSIDE;TERMINAL ET LANDSIDE;Direction des Opérations;DOP
ELECTROMECANIQUE;MAINTENANCE OPERATIONNELLE;Direction Générale;DGE
AIRSIDE;AIRSIDE;Direction des Opérations;DOP
SCAN;SCAN;Direction des Opérations;DOP
SCAN;SCAN;Direction des Opérations;DOP
SCAN;SCAN;Direction des Opérations;DOP
SCAN;SCAN;Direction des Opérations;DOP
SCAN;SCAN;Direction des Opérations;DOP
TERMINAL ET LANDSIDE;TERMINAL ET LANDSIDE;Direction des Opérations;DOP
TERMINAL ET LANDSIDE;TERMINAL ET LANDSIDE;Direction des Opérations;DOP
SCAN;SCAN;Direction des Opérations;DOP
SGS;SGS;Direction Générale;DGE
TERMINAL ET LANDSIDE;TERMINAL ET LANDSIDE;Direction des Opérations;DOP
PROGRAMME ET RESSOURCES;PROGRAMME ET RESSOURCES;Direction des Opérations;DOP
ACHATS;ACHATS;Direction Administrative et Financière;DAF
LANDSIDE ET ACCES;DIRECTION GENERALE;Direction Générale;DGE
ELECTROMECANIQUE;MAINTENANCE OPERATIONNELLE;Direction Générale;DGE
TERMINAL ET LANDSIDE;TERMINAL ET LANDSIDE;Direction des Opérations;DOP
TERMINAL ET LANDSIDE;TERMINAL ET LANDSIDE;Direction des Opérations;DOP
COMMUNICATION;COMMUNICATION;Direction Générale;DGE
MAINTENANCE OPERATIONNELLE;MAINTENANCE OPERATIONNELLE;Direction Générale;DGE
TECHNIQUE NOS;TECHNIQUE NOS;Direction Générale;DGE
COMMUNICATION;COMMUNICATION;Direction Générale;DGE
JURIDIQUE;JURIDIQUE;Direction Juridique et Assurances;DJA
RESSOURCES HUMAINES;RESSOURCES HUMAINES;Direction des Ressources Humaines;DRH
COMPTABILITE ET FACTURATION;COMPTABILITE ET FACTURATION;Direction Administrative et Financière;DAF
SYSTEMES D'INFORMATION;SYSTEMES D'INFORMATION;Direction des Systèmes d'Information;DSI
BATIMENT ET INFRASTRUCTURES;MAINTENANCE OPERATIONNELLE;Direction Générale;DGE
ELECTRICITE;MAINTENANCE OPERATIONNELLE;Direction Générale;DGE
FACTURATION ET STATISTIQUES;COMPTABILITE ET FACTURATION;Direction Administrative et Financière;DAF
FACTURATION ET STATISTIQUES;COMPTABILITE ET FACTURATION;Direction Administrative et Financière;DAF
TERMINAL ET LANDSIDE;TERMINAL ET LANDSIDE;Direction des Opérations;DOP
PROGRAMME ET RESSOURCES;PROGRAMME ET RESSOURCES;Direction des Opérations;DOP
TERMINAL ET LANDSIDE;TERMINAL ET LANDSIDE;Direction des Opérations;DOP
PROGRAMME ET RESSOURCES;PROGRAMME ET RESSOURCES;Direction des Opérations;DOP
AIRSIDE;AIRSIDE;Direction des Opérations;DOP
SCAN;SCAN;Direction des Opérations;DOP
PROGRAMME ET RESSOURCES;PROGRAMME ET RESSOURCES;Direction des Opérations;DOP
TERMINAL ET LANDSIDE;TERMINAL ET LANDSIDE;Direction des Opérations;DOP
PROGRAMME ET RESSOURCES;PROGRAMME ET RESSOURCES;Direction des Opérations;DOP
DOP;DOP;Direction des Opérations;DOP
TERMINAL ET LANDSIDE;TERMINAL ET LANDSIDE;Direction des Opérations;DOP
SYSTEMES D'INFORMATION;SYSTEMES D'INFORMATION;Direction des Systèmes d'Information;DSI
TERMINAL ET LANDSIDE;TERMINAL ET LANDSIDE;Direction des Opérations;DOP
TERMINAL ET LANDSIDE;TERMINAL ET LANDSIDE;Direction des Opérations;DOP
PROGRAMME ET RESSOURCES;PROGRAMME ET RESSOURCES;Direction des Opérations;DOP
QRSE;QRSE;Direction Qualité et RSE;DQRSE
FRET;FRET;Direction Commerciale et Marketing;DCM
TERMINAL ET LANDSIDE;TERMINAL ET LANDSIDE;Direction des Opérations;DOP
AIRSIDE;AIRSIDE;Direction des Opérations;DOP
MARKETING;MARKETING;Direction Commerciale et Marketing;DCM
METHODE;METHODE;Direction Générale;DGE
TERMINAL ET LANDSIDE;TERMINAL ET LANDSIDE;Direction des Opérations;DOP
FINANCES ET COMPTABILITE;COMPTABILITE ET FACTURATION;Direction Administrative et Financière;DAF
TECHNIQUE NOS;TECHNIQUE NOS;Direction Générale;DGE
TERMINAL ET LANDSIDE;TERMINAL ET LANDSIDE;Direction des Opérations;DOP
TRESORERIE;INGENIERIE ET CONTRÔLE FINANCIER;Direction Administrative et Financière;DAF
TRESORERIE;INGENIERIE ET CONTRÔLE FINANCIER;Direction Administrative et Financière;DAF
QRSE;QRSE;Direction Qualité et RSE;DQRSE
SCAN;SCAN;Direction des Opérations;DOP
SCAN;SCAN;Direction des Opérations;DOP
TERMINAL ET LANDSIDE;TERMINAL ET LANDSIDE;Direction des Opérations;DOP
TERMINAL ET LANDSIDE;TERMINAL ET LANDSIDE;Direction des Opérations;DOP
PROGRAMME ET RESSOURCES;PROGRAMME ET RESSOURCES;Direction des Opérations;DOP
BATIMENT ET INFRASTRUCTURES;MAINTENANCE OPERATIONNELLE;Direction Générale;DGE
ACTIVITES AERONAUTIQUES;ACTIVITES AERONAUTIQUES;Direction Commerciale et Marketing;DCM
SCAN;SCAN;Direction des Opérations;DOP
ELECTROMECANIQUE;MAINTENANCE OPERATIONNELLE;Direction Générale;DGE
PROJETS ET INGENIERIE;PROJETS ET INGENIERIE;Direction Générale;DGE
FINANCES ET COMPTABILITE;COMPTABILITE ET FACTURATION;Direction Administrative et Financière;DAF
INFRASTRUCTURE IT;INFRASTRUCTURE IT;Direction des Systèmes d'Information;DSI
JURIDIQUE;JURIDIQUE;Direction Juridique et Assurances;DJA
SCAN;SCAN;Direction des Systèmes d'Information;DSI
SCAN;SCAN;Direction des Systèmes d'Information;DSI
SUPPORT IT;SYSTEMES D'INFORMATION;Direction des Systèmes d'Information;DSI
DCM;DCM;Direction Commerciale et Marketing;DCM
INFRASTRUCTURE IT;SYSTEMES D'INFORMATION;Direction des Systèmes d'Information;DSI
QRSE;QRSE;Direction Qualité et RSE;DQRSE
ACHATS;ACHATS;Direction Administrative et Financière;DAF
ACHATS;ACHATS;Direction Administrative et Financière;DAF
ACTIVITES AERONAUTIQUES;ACTIVITES AERONAUTIQUES;Direction Commerciale et Marketing;DCM
APPLICATIONS IT;SYSTEMES D'INFORMATION;Direction des Systèmes d'Information;DSI
FINANCES ET COMPTABILITE;COMPTABILITE ET FACTURATION;Direction Administrative et Financière;DAF
ACHATS;ACHATS;Direction Administrative et Financière;DAF
APPLICATIONS IT;SYSTEMES D'INFORMATION;Direction des Systèmes d'Information;DSI
CVC ET PLOMBERIE;MAINTENANCE OPERATIONNELLE;Direction Générale;DGE
INFRASTRUCTURE IT;SYSTEMES D'INFORMATION;Direction des Systèmes d'Information;DSI
SUPPORT IT;SYSTEMES D'INFORMATION;Direction des Systèmes d'Information;DSI
BATIMENT ET INFRASTRUCTURES;MAINTENANCE OPERATIONNELLE;Direction Générale;DGE
TERMINAL ET LANDSIDE;TERMINAL ET LANDSIDE;Direction des Opérations;DOP
TERMINAL ET LANDSIDE;TERMINAL ET LANDSIDE;Direction des Opérations;DOP
TERMINAL ET LANDSIDE;TERMINAL ET LANDSIDE;Direction des Opérations;DOP
PROGRAMME ET RESSOURCES;PROGRAMME ET RESSOURCES;Direction des Opérations;DOP
TERMINAL ET LANDSIDE;TERMINAL ET LANDSIDE;Direction des Opérations;DOP
PROGRAMME ET RESSOURCES;PROGRAMME ET RESSOURCES;Direction des Opérations;DOP
TERMINAL ET LANDSIDE;TERMINAL ET LANDSIDE;Direction des Opérations;DOP
ELECTROMECANIQUE;MAINTENANCE OPERATIONNELLE;Direction Générale;DGE
ANALYSE ET CONTRÔLE FINANCIER;INGENIERIE ET CONTRÔLE FINANCIER;Direction Administrative et Financière;DAF
MAINTENANCE OPERATIONNELLE;MAINTENANCE OPERATIONNELLE;Direction Générale;DGE
INGENIERIE ET CONTRÔLE FINANCIER;INGENIERIE ET CONTRÔLE FINANCIER;Direction Administrative et Financière;DAF
DOP;DOP;Direction des Opérations;DOP
REMUNERATION;DEVELOPPEMENT RH ET REMUNERATION;Direction des Ressources Humaines;DRH
TECHNIQUE NOS;TECHNIQUE NOS;Direction Générale;DGE
SCAN;SCAN;Direction des Opérations;DOP
MAINTENANCE OPERATIONNELLE;MAINTENANCE OPERATIONNELLE;Direction Générale;DGE
SUPPORT IT;SYSTEMES D'INFORMATION;Direction des Systèmes d'Information;DSI
PROJETS ET INGENIERIE;PROJETS ET INGENIERIE;Direction Générale;DGE
JURIDIQUE;JURIDIQUE;Direction Juridique et Assurances;DJA
FACTURATION ET STATISTIQUES;COMPTABILITE ET FACTURATION;Direction Administrative et Financière;DAF
DEVELOPPEMENT RH ET REMUNERATION;DEVELOPPEMENT RH ET REMUNERATION;Direction des Ressources Humaines;DRH
AIRSIDE;AIRSIDE;Direction des Opérations;DOP
AIRSIDE;AIRSIDE;Direction des Opérations;DOP
AIRSIDE;AIRSIDE;Direction des Opérations;DOP
SUPPORT IT;SYSTEMES D'INFORMATION;Direction des Systèmes d'Information;DSI
JURIDIQUE;JURIDIQUE;Direction Juridique et Assurances;DJA
ACTIVITES NON AERONAUTIQUES;ACTIVITES NON AERONAUTIQUES;Direction Commerciale et Marketing;DCM
QRSE;QRSE;Direction Qualité et RSE;DQRSE
TERMINAL ET LANDSIDE;TERMINAL ET LANDSIDE;Direction des Opérations;DOP
PROGRAMME ET RESSOURCES;PROGRAMME ET RESSOURCES;Direction des Opérations;DOP
MAINTENANCE OPERATIONNELLE;MAINTENANCE OPERATIONNELLE;Direction Générale;DGE
FINANCES ET COMPTABILITE;COMPTABILITE ET FACTURATION;Direction Administrative et Financière;DAF
SGS;SGS;Direction Générale;DGE
TERMINAL ET LANDSIDE;TERMINAL ET LANDSIDE;Direction des Opérations;DOP
TERMINAL ET LANDSIDE;TERMINAL ET LANDSIDE;Direction des Opérations;DOP
DEVELOPPEMENT RH;DEVELOPPEMENT RH;Direction des Ressources Humaines;DRH
METHODE;METHODE;Direction Générale;DGE
SYSTEMES D'INFORMATION;SYSTEMES D'INFORMATION;Direction des Systèmes d'Information;DSI
QRSE;QRSE;Direction Qualité et RSE;DQRSE
ANALYSE ET CONTRÔLE FINANCIER;INGENIERIE ET CONTRÔLE FINANCIER;Direction Administrative et Financière;DAF
RELATIONS SOCIALES;RELATIONS SOCIALES ET QVT;Direction des Ressources Humaines;DRH
DCM;DCM;Direction Commerciale et Marketing;DCM
SYSTEMES D'INFORMATION;SYSTEMES D'INFORMATION;Direction des Systèmes d'Information;DSI
TERMINAL ET LANDSIDE;TERMINAL ET LANDSIDE;Direction des Opérations;DOP
TERMINAL ET LANDSIDE;TERMINAL ET LANDSIDE;Direction des Opérations;DOP
TERMINAL ET LANDSIDE;TERMINAL ET LANDSIDE;Direction des Opérations;DOP
IMMOBILIER;IMMOBILIER;Direction Commerciale et Marketing;DCM
DEVELOPPEMENT RH;DEVELOPPEMENT RH;Direction des Ressources Humaines;DRH
MAINTENANCE OPERATIONNELLE;MAINTENANCE OPERATIONNELLE;Direction Générale;DGE
ACHATS;ACHATS;Direction Administrative et Financière;DAF
BATIMENT ET INFRASTRUCTURES;MAINTENANCE OPERATIONNELLE;Direction Générale;DGE
PROJETS ET INGENIERIE;PROJETS ET INGENIERIE;Direction Générale;DGE
FRET;FRET;Direction Commerciale et Marketing;DCM
DAF;DAF;Direction Administrative et Financière;DAF
RESSOURCES HUMAINES;RESSOURCES HUMAINES;Direction des Ressources Humaines;DRH
TERMINAL ET LANDSIDE;TERMINAL ET LANDSIDE;Direction des Opérations;DOP
ACTIVITES AERONAUTIQUES;ACTIVITES AERONAUTIQUES;Direction Commerciale et Marketing;DCM
ACHATS;ACHATS;Direction Administrative et Financière;DAF
SGS;SGS;Direction Générale;DGE
FINANCES ET COMPTABILITE;COMPTABILITE ET FACTURATION;Direction Administrative et Financière;DAF
MAINTENANCE OPERATIONNELLE;MAINTENANCE OPERATIONNELLE;Direction Générale;DGE
TRANSFORMATION DIGITALE;TRANSFORMATION DIGITALE;Direction des Systèmes d'Information;DSI
ANALYSE ET CONTRÔLE FINANCIER;INGENIERIE ET CONTRÔLE FINANCIER;Direction Administrative et Financière;DAF
ACTIVITES NON AERONAUTIQUES;ACTIVITES NON AERONAUTIQUES;Direction Commerciale et Marketing;DCM
CVC ET PLOMBERIE;MAINTENANCE OPERATIONNELLE;Direction Générale;DGE
ACHATS;ACHATS;Direction Administrative et Financière;DAF
AIRSIDE;AIRSIDE;Direction des Opérations;DOP
CVC ET PLOMBERIE;MAINTENANCE OPERATIONNELLE;Direction Générale;DGE
AIRSIDE;AIRSIDE;Direction des Opérations;DOP
DGE;DGE;Direction Générale;DGE
ELECTROMECANIQUE;MAINTENANCE OPERATIONNELLE;Direction Générale;DGE
ELECTROMECANIQUE;MAINTENANCE OPERATIONNELLE;Direction Générale;DGE
QRSE;QRSE;Direction Qualité et RSE;DQRSE
SCAN;SCAN;Direction des Opérations;DOP
TERMINAL ET LANDSIDE;TERMINAL ET LANDSIDE;Direction des Opérations;DOP
TERMINAL ET LANDSIDE;TERMINAL ET LANDSIDE;Direction des Opérations;DOP
ELECTRICITE;MAINTENANCE OPERATIONNELLE;Direction Générale;DGE
CVC ET PLOMBERIE;MAINTENANCE OPERATIONNELLE;Direction Générale;DGE
TRANSFORMATION DIGITALE;TRANSFORMATION DIGITALE;Direction des Systèmes d'Information;DSI
SUPPORT IT;SCAN;Direction des Systèmes d'Information;DSI
SCAN;SCAN;Direction des Opérations;DOP
SCAN;SCAN;Direction des Opérations;DOP
METHODE;METHODE;Direction Générale;DGE
COMPTABILITE ET FACTURATION;COMPTABILITE ET FACTURATION;Direction Administrative et Financière;DAF
SUPPORT IT;SYSTEMES D'INFORMATION;Direction des Systèmes d'Information;DSI
TECHNIQUE NOS;TECHNIQUE NOS;Direction Générale;DGE
ELECTRICITE;MAINTENANCE OPERATIONNELLE;Direction Générale;DGE
DCM;DCM;Direction Commerciale et Marketing;DCM
COMMUNICATION;COMMUNICATION;Direction Générale;DGE
COMMUNICATION;COMMUNICATION;Direction Générale;DGE
TRANSFORMATION DIGITALE;TRANSFORMATION DIGITALE;Direction des Systèmes d'Information;DSI
QUALITE ET GESTION DE RISQUE;QUALITE ET GESTION DE RISQUE;Direction Qualité et RSE;DQRSE
JURIDIQUE;JURIDIQUE;Direction Juridique et Assurances;DJA
CVC ET PLOMBERIE;MAINTENANCE OPERATIONNELLE;Direction Générale;DGE
BATIMENT ET INFRASTRUCTURES;MAINTENANCE OPERATIONNELLE;Direction Générale;DGE
ACHATS;ACHATS;Direction Administrative et Financière;DAF
AIRSIDE;AIRSIDE;Direction des Opérations;DOP
