INSERT INTO direction (direction_id, direction_name, acronym, created_at, updated_at)
VALUES 
    ('DR_0001', 'Direction Technique', 'DTE', GETDATE(), NULL),
    ('DR_0002', 'Direction Commerciale et Marketing', 'DCM', GETDATE(), NULL),
    ('DR_0003', 'Direction Qualité, Risques, Sécurité et Environnement', 'QRS', GETDATE(), NULL),
    ('DR_0004', 'Direction Ressources Humaines', 'DRH', GETDATE(), NULL),
    ('DR_0005', 'Direction des Systèmes d''Information', 'DSI', GETDATE(), NULL),
    ('DR_0006', 'Direction des Opérations', 'DOP', GETDATE(), NULL),
    ('DR_0007', 'Direction Administrative et Financière', 'DAF', GETDATE(), NULL),
    ('DR_0008', 'Direction Juridique et Assurances', 'DJA', GETDATE(), NULL),
    ('DR_0009', 'Direction Générale', 'DGE', GETDATE(), NULL),
    ('DR_0010', 'Communication et Relations Publiques', 'COM', GETDATE(), NULL);

INSERT INTO department (department_id, department_name, direction_id, created_at, updated_at)
VALUES 
    ('DP_0001', 'Bâtiments et Génie Civil', 'DR_0001', GETDATE(), NULL),
    ('DP_0002', 'Électricité et Mécanique', 'DR_0001', GETDATE(), NULL),
    ('DP_0003', 'Maintenance', 'DR_0001', GETDATE(), NULL),
    ('DP_0004', 'Maintenance Multi-Technique', 'DR_0001', GETDATE(), NULL),
    ('DP_0005', 'Commercial', 'DR_0002', GETDATE(), NULL),
    ('DP_0006', 'Frêt', 'DR_0002', GETDATE(), NULL),
    ('DP_0007', 'Département Aéronautique', 'DR_0002', GETDATE(), NULL),
    ('DP_0008', 'Département Non Aéronautique', 'DR_0002', GETDATE(), NULL),
    ('DP_0009', 'Qualité et Gestion de Risques', 'DR_0003', GETDATE(), NULL),
    ('DP_0010', 'Sécurité au Travail', 'DR_0003', GETDATE(), NULL),
    ('DP_0011', 'Environnement', 'DR_0003', GETDATE(), NULL),
    ('DP_0012', 'Responsabilité Sociétale des Entreprises', 'DR_0003', GETDATE(), NULL),
    ('DP_0013', 'Ressources Humaines', 'DR_0004', GETDATE(), NULL),
    ('DP_0014', 'Rémunération', 'DR_0004', GETDATE(), NULL),
    ('DP_0015', 'Relations Sociales', 'DR_0004', GETDATE(), NULL),
    ('DP_0016', 'Développement RH', 'DR_0004', GETDATE(), NULL),
    ('DP_0017', 'Informatique', 'DR_0005', GETDATE(), NULL),
    ('DP_0018', 'Infrastructures et Production IT', 'DR_0005', GETDATE(), NULL),
    ('DP_0019', 'Transformation Digitale', 'DR_0005', GETDATE(), NULL),
    ('DP_0020', 'Exploitation NOS', 'DR_0006', GETDATE(), NULL),
    ('DP_0021', 'Exploitation TNR', 'DR_0006', GETDATE(), NULL),
    ('DP_0022', 'Terminal et Landside', 'DR_0006', GETDATE(), NULL),
    ('DP_0023', 'Airside', 'DR_0006', GETDATE(), NULL),
    ('DP_0024', 'Méthodes-Documents et Suivi', 'DR_0006', GETDATE(), NULL),
    ('DP_0025', 'SCAI', 'DR_0006', GETDATE(), NULL),
    ('DP_0026', 'Comptabilité', 'DR_0007', GETDATE(), NULL),
    ('DP_0027', 'Finances et Comptabilité', 'DR_0007', GETDATE(), NULL),
    ('DP_0028', 'Achats', 'DR_0007', GETDATE(), NULL),
    ('DP_0029', 'Facturation et Statistiques', 'DR_0007', GETDATE(), NULL),
    ('DP_0030', 'Ingénierie & Contrôle Financier', 'DR_0007', GETDATE(), NULL),
    ('DP_0031', 'Trésorerie', 'DR_0007', GETDATE(), NULL),
    ('DP_0032', 'Juridique', 'DR_0008', GETDATE(), NULL),
    ('DP_0033', 'Secrétariat Général', 'DR_0008', GETDATE(), NULL),
    ('DP_0034', 'Direction Générale', 'DR_0009', GETDATE(), NULL),
    ('DP_0035', 'Communication', 'DR_0010', GETDATE(), NULL);

INSERT INTO service (service_id, service_name, department_id, created_at, updated_at)
VALUES 
    ('SR_0001', 'Conception Technique', 'DP_0001', GETDATE(), NULL),
    ('SR_0002', 'Maintenance Électrique', 'DP_0002', GETDATE(), NULL),
    ('SR_0003', 'Maintenance Générale', 'DP_0003', GETDATE(), NULL),
    ('SR_0004', 'Maintenance Multi-Technique', 'DP_0004', GETDATE(), NULL),
    ('SR_0005', 'Ventes Commerciales', 'DP_0005', GETDATE(), NULL),
    ('SR_0006', 'Gestion du Frêt', 'DP_0006', GETDATE(), NULL),
    ('SR_0007', 'Opérations Aéronautiques', 'DP_0007', GETDATE(), NULL),
    ('SR_0008', 'Opérations Non Aéronautiques', 'DP_0008', GETDATE(), NULL),
    ('SR_0009', 'Contrôle Qualité', 'DP_0009', GETDATE(), NULL),
    ('SR_0010', 'Sécurité au Travail', 'DP_0010', GETDATE(), NULL),
    ('SR_0011', 'Gestion Environnementale', 'DP_0011', GETDATE(), NULL),
    ('SR_0012', 'RSE', 'DP_0012', GETDATE(), NULL),
    ('SR_0013', 'Recrutement', 'DP_0013', GETDATE(), NULL),
    ('SR_0014', 'Gestion des Rémunérations', 'DP_0014', GETDATE(), NULL),
    ('SR_0015', 'Relations Sociales', 'DP_0015', GETDATE(), NULL),
    ('SR_0016', 'Formation et Développement', 'DP_0016', GETDATE(), NULL),
    ('SR_0017', 'Support Informatique', 'DP_0017', GETDATE(), NULL),
    ('SR_0018', 'Gestion des Infrastructures IT', 'DP_0018', GETDATE(), NULL),
    ('SR_0019', 'Transformation Numérique', 'DP_0019', GETDATE(), NULL),
    ('SR_0020', 'Opérations NOS', 'DP_0020', GETDATE(), NULL),
    ('SR_0021', 'Opérations TNR', 'DP_0021', GETDATE(), NULL),
    ('SR_0022', 'Gestion Terminal et Landside', 'DP_0022', GETDATE(), NULL),
    ('SR_0023', 'Opérations Airside', 'DP_0023', GETDATE(), NULL),
    ('SR_0024', 'Méthodes et Suivi', 'DP_0024', GETDATE(), NULL),
    ('SR_0025', 'SCAI', 'DP_0025', GETDATE(), NULL),
    ('SR_0026', 'Comptabilité Générale', 'DP_0026', GETDATE(), NULL),
    ('SR_0027', 'Finances', 'DP_0027', GETDATE(), NULL),
    ('SR_0028', 'Achats', 'DP_0028', GETDATE(), NULL),
    ('SR_0029', 'Facturation', 'DP_0029', GETDATE(), NULL),
    ('SR_0030', 'Contrôle Financier', 'DP_0030', GETDATE(), NULL),
    ('SR_0031', 'Trésorerie', 'DP_0031', GETDATE(), NULL),
    ('SR_0032', 'Conseil Juridique', 'DP_0032', GETDATE(), NULL),
    ('SR_0033', 'Secrétariat Général', 'DP_0033', GETDATE(), NULL),
    ('SR_0034', 'Administration Générale', 'DP_0034', GETDATE(), NULL),
    ('SR_0035', 'Communication Interne et Externe', 'DP_0035', GETDATE(), NULL);


INSERT INTO units (unit_id, unit_name, service_id, created_at, updated_at)
VALUES 
    ('UN_0001', 'TNRDRH', 'SR_0013', GETDATE(), GETDATE()),
    ('UN_0002', 'TNRDRH', 'SR_0014', GETDATE(), GETDATE()),
    ('UN_0003', 'TNRDRH', 'SR_0015', GETDATE(), GETDATE()),
    ('UN_0004', 'TNRDRH', 'SR_0016', GETDATE(), GETDATE()),
    ('UN_0005', 'TNRDAF', 'SR_0026', GETDATE(), GETDATE()),
    ('UN_0006', 'TNRDAF', 'SR_0034', GETDATE(), GETDATE()),
    ('UN_0007', 'TNRDAF', 'SR_0028', GETDATE(), GETDATE()),
    ('UN_0008', 'TNRDAF', 'SR_0029', GETDATE(), GETDATE()),
    ('UN_0009', 'TNRDAF', 'SR_0027', GETDATE(), GETDATE()),
    ('UN_0010', 'TNRDAF', 'SR_0030', GETDATE(), GETDATE()),
    ('UN_0011', 'TNRDAF', 'SR_0031', GETDATE(), GETDATE()),
    ('UN_0012', 'TNRDCM', 'SR_0005', GETDATE(), GETDATE()),
    ('UN_0013', 'TNRDCM', 'SR_0006', GETDATE(), GETDATE()),
    ('UN_0014', 'TNRDCM', 'SR_0005', GETDATE(), GETDATE()),
    ('UN_0015', 'TNRDCM', 'SR_0007', GETDATE(), GETDATE()),
    ('UN_0016', 'TNRDCM', 'SR_0008', GETDATE(), GETDATE()),
    ('UN_0017', 'TNRDCM', 'SR_0005', GETDATE(), GETDATE()),
    ('UN_0018', 'TNRDJA', 'SR_0032', GETDATE(), GETDATE()),
    ('UN_0019', 'TNRQRS', 'SR_0009', GETDATE(), GETDATE()),
    ('UN_0020', 'TNRQRS', 'SR_0012', GETDATE(), GETDATE()),
    ('UN_0021', 'TNRQRS', 'SR_0010', GETDATE(), GETDATE()),
    ('UN_0022', 'TNRQRS', 'SR_0011', GETDATE(), GETDATE()),
    ('UN_0023', 'TNRQRS', 'SR_0012', GETDATE(), GETDATE()),
    ('UN_0024', 'TNRDOP', 'SR_0021', GETDATE(), GETDATE()),
    ('UN_0025', 'TNRDOP', 'SR_0025', GETDATE(), GETDATE()),
    ('UN_0026', 'TNRDOP', 'SR_0022', GETDATE(), GETDATE()),
    ('UN_0027', 'TNRDOP', 'SR_0021', GETDATE(), GETDATE()),
    ('UN_0028', 'TNRDOP', 'SR_0024', GETDATE(), GETDATE()),
    ('UN_0029', 'TNRDOP', 'SR_0023', GETDATE(), GETDATE()),
    ('UN_0030', 'TNRDOP', 'SR_0017', GETDATE(), GETDATE()),
    ('UN_0031', 'TNRDOP', 'SR_0003', GETDATE(), GETDATE()),
    ('UN_0032', 'TNRDTE', 'SR_0001', GETDATE(), GETDATE()),
    ('UN_0033', 'TNRDTE', 'SR_0002', GETDATE(), GETDATE()),
    ('UN_0034', 'TNRDTE', 'SR_0003', GETDATE(), GETDATE()),
    ('UN_0035', 'TNRDTE', 'SR_0004', GETDATE(), GETDATE()),
    ('UN_0036', 'TNRDTE', 'SR_0003', GETDATE(), GETDATE()),
    ('UN_0037', 'TNRDGE', 'SR_0033', GETDATE(), GETDATE()),
    ('UN_0038', 'TNRDGE', 'SR_0035', GETDATE(), GETDATE()),
    ('UN_0039', 'TNRDGE', 'SR_0005', GETDATE(), GETDATE()),
    ('UN_0040', 'TNRDGE', 'SR_0009', GETDATE(), GETDATE()),
    ('UN_0041', 'TNRDGE', 'SR_0010', GETDATE(), GETDATE()),
    ('UN_0042', 'TNRQHS', 'SR_0010', GETDATE(), GETDATE()),
    ('UN_0043', 'NOSDOP', 'SR_0020', GETDATE(), GETDATE()),
    ('UN_0044', 'NOSDOP', 'SR_0022', GETDATE(), GETDATE()),
    ('UN_0045', 'NOSDOP', 'SR_0021', GETDATE(), GETDATE()),
    ('UN_0046', 'TNRDMT', 'SR_0003', GETDATE(), GETDATE()),
    ('UN_0047', 'TNRDMT', 'SR_0003', GETDATE(), GETDATE()),
    ('UN_0048', 'TNRDMT', 'SR_0003', GETDATE(), GETDATE()),
    ('UN_0049', 'TNRCOM', 'SR_0035', GETDATE(), GETDATE()),
    ('UN_0050', 'TNRDMA', 'SR_0005', GETDATE(), GETDATE()),
    ('UN_0051', 'TNRDMA', 'SR_0005', GETDATE(), GETDATE()),
    ('UN_0052', 'TNRDMA', 'SR_0005', GETDATE(), GETDATE()),
    ('UN_0053', 'TNRJUR', 'SR_0033', GETDATE(), GETDATE()),
    ('UN_0054', 'TNRDSI', 'SR_0017', GETDATE(), GETDATE()),
    ('UN_0055', 'TNRDSI', 'SR_0018', GETDATE(), GETDATE()),
    ('UN_0056', 'TNRDSI', 'SR_0019', GETDATE(), GETDATE()),
    ('UN_0057', 'TNRDOR', 'SR_0021', GETDATE(), GETDATE()),
    ('UN_0058', 'TNRORA', 'SR_0021', GETDATE(), GETDATE()),
    ('UN_0059', 'NOSDGE', 'SR_0010', GETDATE(), GETDATE()),
    ('UN_0060', 'NOSDTE', 'SR_0003', GETDATE(), GETDATE()),
    ('UN_0061', 'NOSQHS', 'SR_0010', GETDATE(), GETDATE()),
    ('UN_0062', 'NOSDSI', 'SR_0017', GETDATE(), GETDATE());


INSERT INTO site (site_id, site_name, code, longitude, latitude, created_at, updated_at)
VALUES 
    ('ST_0001', 'Antananarivo', 'TNR', NULL, NULL, GETDATE(), NULL),
    ('ST_0002', 'Nosy Be', 'NOS', NULL, NULL, GETDATE(), NULL);

INSERT INTO nationalities (nationality_id, code, name)
VALUES 
    ('NAT_0001', 'MG', 'Malagasy'),
    ('NAT_0002', 'FR', 'Français'),
    ('NAT_0003', 'US', 'Américain');

INSERT INTO genders (gender_id, code, label, created_at, updated_at)
VALUES 
    ('GEN_0001', 'M', 'Masculin', GETDATE(), NULL),
    ('GEN_0002', 'F', 'Féminin', GETDATE(), NULL),
    ('GEN_0003', 'NB', 'Non-binaire', GETDATE(), NULL);

INSERT INTO contract_types (contract_type_id, code, label, created_at, updated_at)
VALUES 
    ('CT_0001', 'CDI', 'Contrat à Durée Indéterminée', GETDATE(), NULL),
    ('CT_0002', 'CDD', 'Contrat à Durée Déterminée', GETDATE(), NULL),
    ('CT_0003', 'CTT', 'Contrat de Travail Temporaire', GETDATE(), NULL);

INSERT INTO employee_categories (employee_category_id, code, label, created_at, updated_at)
VALUES 
    ('EC_0001', 'CAD', 'Cadre', GETDATE(), NULL),
    ('EC_0002', 'EMP', 'Employé', GETDATE(), NULL),
    ('EC_0003', 'TEC', 'Technicien', GETDATE(), NULL);

INSERT INTO employees (employee_id, employee_code, last_name, first_name, phone_number, hire_date, job_title, contract_end_date, site_id, gender_id, contract_type_id, direction_id, department_id, service_id, unit_id)
VALUES 
    ('EMP_0001', 'ST154', 'RAKOTOARIMANANA', 'Miantsafitia', '038 89 499 77', '2025-05-01', 'Stagiaire RH', '2025-12-31', 'ST_0001', 'GEN_0001', 'CT_0003', 'DR_0004', 'DP_0013', 'SR_0013', 'UN_0001'),
    ('EMP_0002', 'ST155', 'ANDRIAMBOLOLONA', 'Mandaniaina', '034 11 245 79', '2025-05-01', 'Stagiaire RH', '2025-12-31', 'ST_0001', 'GEN_0001', 'CT_0003', 'DR_0004', 'DP_0013', 'SR_0013', 'UN_0001'),
    ('EMP_0003', '00446', 'RAKOTOMAVO', 'Christelle', '034 36 865 57', '2025-01-27', 'Chef(fe) de Projet SI et Innov', NULL, 'ST_0001', 'GEN_0002', 'CT_0001', 'DR_0005', 'DP_0019', 'SR_0019', 'UN_0056');

INSERT INTO categories_of_employee (employee_id, employee_category_id, created_at, updated_at)
VALUES 
    ('EMP_0001', 'EC_0001', '2023-01-10', NULL),
    ('EMP_0002', 'EC_0001', '2024-03-01', NULL), 
    ('EMP_0003', 'EC_0001', '2022-06-15', NULL);


INSERT INTO role (role_id, name, description, created_at, updated_at)
VALUES
    ('ROLE_001', 'admin', 'Administrator with full access', CURRENT_TIMESTAMP, NULL),
    ('ROLE_002', 'rh', 'Human Resources role', CURRENT_TIMESTAMP, NULL),
    ('ROLE_003', 'collaborateur', 'Standard employee role', CURRENT_TIMESTAMP, NULL);




INSERT INTO Users( user_id, Matricule, Name, Email, position, Department, superior_id, superior_name, Status, Signature, user_type ) VALUES ( '000465d0-0530-41d9-872f-d6012418ba7e', '00298', 'Safidy RAKOTONDRAJOA (DSI)', 'safidy.rakotondrajoa@ravinala-airports.aero', 'Responsable des applications IT', 'DSI', '83dc05fd-0e42-43f5-b0e0-1567df7647b1', 'Vonjimampianina RAKOTOARISOA (DSI)', null, null, 0);
INSERT INTO Users( user_id, Matricule, Name, Email, position, Department, superior_id, superior_name, Status, Signature, user_type ) VALUES ( '002b1f12-e8c5-4a30-81ca-e8532855de71', '00182', 'Dealilalaina Sedera RASOLOMANANA (DRH)', 'sedera.rasolomanana@ravinala-airports.aero', 'Directrice des Ressources Humaines', 'DRH', 'ec738732-6e94-4288-be4a-c098408d199d', 'Daniel LEFEBVRE (DGE)', null, null, null);
INSERT INTO Users( user_id, Matricule, Name, Email, position, Department, superior_id, superior_name, Status, Signature, user_type ) VALUES ( '00b58219-2f52-470d-b48f-383c8fd9ba23', '00174', 'Andry Lova Tiana RAJERISON RASAONA (DT)', 'andry.rajerison@ravinala-airports.aero', 'Chef de Département Maintenance Multi-technique', 'DT', '1a0f5dab-9ad7-4a30-b73c-842f54ba6a9a', 'Rova RAHERIJAONA (DT)', null, null, null);
INSERT INTO Users( user_id, Matricule, Name, Email, position, Department, superior_id, superior_name, Status, Signature, user_type ) VALUES ( '00f05689-d83c-4466-af7d-544e700574c1', '00004', 'Bodomalala RAFIDIARISOA (DJA)', 'bodo.rafidiarisoa@ravinala-airports.aero', 'Juriste Junior', 'DJA', '409cd9a0-3b88-4852-b991-ad62edd52866', 'Josie RABESON (DJA)', null, null, 0);
INSERT INTO Users( user_id, Matricule, Name, Email, position, Department, superior_id, superior_name, Status, Signature, user_type ) VALUES ( '05ae1fb5-5671-4b93-b1f8-df82ae855300', '00333', 'Dina Mickaël RAJOHNSON (DAF)', 'dina.rajohnson@ravinala-airports.aero', 'Responsable Contrôle Financier', 'DAF', '83d28c24-2d52-408c-94fd-c04d9dc4bc5e', 'Joël TADZONG (DAF)', null, null, null);
INSERT INTO Users( user_id, Matricule, Name, Email, position, Department, superior_id, superior_name, Status, Signature, user_type ) VALUES ( '06549ecf-3dbd-448d-a90d-55ac12005e72', '00162', 'Gilbert RAHERISOA (DOP)', 'gilbert.raherisoa@ravinala-airports.aero', 'Caissier Parking', 'DOP', '20fff662-51ee-4fc4-99ae-dc7a9c361cbd', 'Fanjanirina RAFANILONIAINA (DOP)', null, null, null);
INSERT INTO Users( user_id, Matricule, Name, Email, position, Department, superior_id, superior_name, Status, Signature, user_type ) VALUES ( '0692e9fe-e27b-4686-b658-ae81b861bc0f', '00403', 'Rivo Arilala RAMANANTSOA (DT)', 'rivo.ramanantsoa@ravinala-airports.aero', 'Superviseur Maintenance', 'DT', 'ee6cb78f-98c3-46c5-b178-e946005f8918', 'Rindra Clark RAKOTOZANANY (DT)', null, null, null);
INSERT INTO Users( user_id, Matricule, Name, Email, position, Department, superior_id, superior_name, Status, Signature, user_type ) VALUES ( '071e2782-cdec-4119-bdb0-177e399fbb50', '00016', 'Cathia Vololomanana RAHARIMANANTSOA (DAF)', 'cathia.raharimanantsoa@ravinala-airports.aero', 'Comptable Fournisseurs', 'DAF', '9c2ac066-01de-49a4-86a1-0d1153cb14e8', 'Andrianantenaina RAMAROLAHY (DAF)', null, null, null);
INSERT INTO Users( user_id, Matricule, Name, Email, position, Department, superior_id, superior_name, Status, Signature, user_type ) VALUES ( '07e12d3a-8606-424e-9baf-fbe6f797af63', 'ST155','Mandaniaina ANDRIAMBOLOLONA (DRH)', 'mandaniaina.andriambololona@ravinala-airports.aero', 'Stagiaire DRH', 'DRH', 'ce796eb6-0f7e-4dbc-9c1e-de00f53de186', 'MiantsaFitia RAKOTOARIMANANA (DRH)', null, null, null);
INSERT INTO Users( user_id, Matricule, Name, Email, position, Department, superior_id, superior_name, Status, Signature, user_type ) VALUES ( '0856afd4-4692-465f-8b80-69fd1ff1a894', '00451', 'Johannot ANDRIATIANA (DAF)', 'johannot.andriatiana@ravinala-airports.aero', 'Responsable Fiscalités', 'DAF', '7b2ef755-f135-4ae8-8f4d-b9fdbe2e32ad', 'Rado RAFANOMEZANTSOA (DAF)', null, null, null);
INSERT INTO Users( user_id, Matricule, Name, Email, position, Department, superior_id, superior_name, Status, Signature, user_type ) VALUES ( '08d33006-34ac-4da9-9910-4463821bd22b', '00119', 'Rantoanina Toavina RATSIMBA  (DRH)', 'toavina.rantoanina@ravinala-airports.aero', 'Chef de Service Relations Sociales', 'DRH', 'd054c552-5c38-41d2-ae50-13805364fb99', 'Tanjona RIVONIRINA (DRH)', null, null, 0);
INSERT INTO Users( user_id, Matricule, Name, Email, position, Department, superior_id, superior_name, Status, Signature, user_type ) VALUES ( '090979ec-bd46-4b3f-a7ab-394b8c4c0192', '00356', 'Mialy RAHARIVELO(DAF)', 'mialy.raharivelo@ravinala-airports.aero', 'Facturière Extra Aéroportuaire', 'DAF', '7a1865b2-fae2-41f0-b045-1db2c4d80727', 'Herimboahary Dinarisoa ANDRIANTOLOTIANA RAVONIRINA (DAF)', null, null, null);
INSERT INTO Users( user_id, Matricule, Name, Email, position, Department, superior_id, superior_name, Status, Signature, user_type ) VALUES ( '0a480c73-10e3-4da8-a656-a5d7f420ea27', '00236', 'Hans Lalaina ANDRIAMASY (DOP)', 'hans.andriamasy@ravinala-airports.aero', 'Caissier Parking', 'DOP', '20fff662-51ee-4fc4-99ae-dc7a9c361cbd', 'Fanjanirina RAFANILONIAINA (DOP)', null, null, null);
INSERT INTO Users( user_id, Matricule, Name, Email, position, Department, superior_id, superior_name, Status, Signature, user_type ) VALUES ( '0ad9c89f-805b-43e0-9f05-7840de20de75', 'ST142', 'ST142', 'nomena.farahanitrynyaina@ravinala-airports.aero', 'Stagiaire DAF', '', null, null, null, null, null);
INSERT INTO Users( user_id, Matricule, Name, Email, position, Department, superior_id, superior_name, Status, Signature, user_type ) VALUES ( '0b27a9f1-3add-4181-847a-cc2dc8bcfa29', '00375', 'Tefy Antonio Patrick RAJAONAH (DOP)', 'Tefy.RAJAONAH@ravinala-airports.aero', 'Commandant d''Aéroport', 'DOP', '814543aa-3dff-4ab9-a822-15fac34e3ba1', 'Caroline PETIT (DOP)', null, null, null);
INSERT INTO Users( user_id, Matricule, Name, Email, position, Department, superior_id, superior_name, Status, Signature, user_type ) VALUES ( '0bd319d6-9a18-4d64-8251-d6f5c1722a3b', '00166', 'Tsiala GANJA Kennedy (DOP)', 'tsiala.ganja@ravinala-airports.aero', 'Aide Electromécanicien', 'DOP', 'e752d0a1-87be-4b22-b72f-427a073ab41a', 'Mandimby Harivola RANJALAHY (DOP)', null, null, null);
INSERT INTO Users( user_id, Matricule, Name, Email, position, Department, superior_id, superior_name, Status, Signature, user_type ) VALUES ( '0cb6e51a-302f-4d79-8a9c-0fbcd0ea62da', '00222', 'Felana RATSIMBAZAFY (DQRSE)', 'felana.ratsimbazafy@ravinala-airports.aero', 'Directrice Qualité et RSE', 'DQRSE', 'ec738732-6e94-4288-be4a-c098408d199d', 'Daniel LEFEBVRE (DGE)', null, null, null);
INSERT INTO Users( user_id, Matricule, Name, Email, position, Department, superior_id, superior_name, Status, Signature, user_type ) VALUES ( '0fd55439-5bf4-47bd-984b-a30ac14091ce', '00382', 'Noêlla Velonjara VAVIHELY (DOP)', 'noella.vavihely@ravinala-airports.aero', 'Agent caisse', 'DOP', '20fff662-51ee-4fc4-99ae-dc7a9c361cbd', 'Fanjanirina RAFANILONIAINA (DOP)', null, null, null);
INSERT INTO Users( user_id, Matricule, Name, Email, position, Department, superior_id, superior_name, Status, Signature, user_type ) VALUES ( '0fe1af5f-a07a-4627-88ad-a6db0d1f0c11', '00201', 'Ainimpanana MANDIMBIHARISETRA (DOP)', 'ainimpanana.mandimbiharisetra@ravinala-airports.aero', 'Agent de piste', 'DOP', '5137249d-9e50-48f2-b598-19d2ba48e41f', 'Nirina Marius RAZAFIMAHATRATRA (DOP)', null, null, null);
INSERT INTO Users( user_id, Matricule, Name, Email, position, Department, superior_id, superior_name, Status, Signature, user_type ) VALUES ( '10adbe3c-0dc6-4ec9-8313-82d459cfd03c', '00133', 'Noro Herimanitra R. ANDRIANALIVOLA (DOP)', 'noro.andrianalivola@ravinala-airports.aero', 'Responsable des Accès Sécurisés du Terminal Passagers', 'DOP', '814543aa-3dff-4ab9-a822-15fac34e3ba1', 'Caroline PETIT (DOP)', null, null, null);
INSERT INTO Users( user_id, Matricule, Name, Email, position, Department, superior_id, superior_name, Status, Signature, user_type ) VALUES ( '11331b72-bc63-42fc-912f-db31cd758508', '00192', 'Jean Aimé RAVOAVITAHINA (DT)', 'jeanaime.ravoavitahina@ravinala-airports.aero', 'Technicien électricité', 'DT', '98e1d5e0-961d-4e91-8f80-abf595ba01f2', 'Naly Nantenaina RAMANOELINA (DT)', null, null, null);
INSERT INTO Users( user_id, Matricule, Name, Email, position, Department, superior_id, superior_name, Status, Signature, user_type ) VALUES ( '11715a63-e237-46b3-b568-ffa6fc087000', '00425', 'Romain PIERRU (DAF)', 'romain.pierru@ravinala-airports.aero', 'Directeur Administratif et Financier', 'DAF', 'ec738732-6e94-4288-be4a-c098408d199d', 'Daniel LEFEBVRE (DGE)', null, null, null);
INSERT INTO Users( user_id, Matricule, Name, Email, position, Department, superior_id, superior_name, Status, Signature, user_type ) VALUES ( '128838aa-0394-45a0-8884-7a069b5a6c9d', '00454', 'Remby RABEARIFETRA (DT)', 'remby.rabearifetra@ravinala-airports.aero', 'Technicien électricité', 'DT', '98e1d5e0-961d-4e91-8f80-abf595ba01f2', 'Naly Nantenaina RAMANOELINA (DT)', null, null, null);
INSERT INTO Users( user_id, Matricule, Name, Email, position, Department, superior_id, superior_name, Status, Signature, user_type ) VALUES ( '12a2ed31-0caf-4a56-a229-336d281565a5', '00365', 'Gaël Mamy NIRIARISON (DCM)', 'gael.niriarison@ravinala-airports.aero', 'Chargé de Projets Marketing et Commercial', 'DCM', '29cef9c3-efbe-4c6e-9e65-f0c728986b67', 'Elsy HARVEL (DCM)', null, null, null);
INSERT INTO Users( user_id, Matricule, Name, Email, position, Department, superior_id, superior_name, Status, Signature, user_type ) VALUES ( '13bded98-f0af-42e2-a488-789d04840ea5', '00024', 'Hanitriniaina R. BAKOMALALA (DAF)', 'hanitriniaina.bakomalala@ravinala-airports.aero', 'Assistante Comptable', 'DAF', '071e2782-cdec-4119-bdb0-177e399fbb50', 'Cathia Vololomanana RAHARIMANANTSOA (DAF)', null, null, null);
INSERT INTO Users( user_id, Matricule, Name, Email, position, Department, superior_id, superior_name, Status, Signature, user_type ) VALUES ( '199508e0-00c8-48ba-8113-5abe8f024922', '00413', 'Mirana RASOLOARIZAFY (DCM)', 'mirana.rasoloarizafy@ravinala-airports.aero', 'Assistante de Projets Aéronautiques', 'DCM', 'eeba0c1b-8bc5-4808-8f0f-c33b3599d82e', 'Minosoa Tatamo RAKOTOZAFY (DCM)', null, null, null);
INSERT INTO Users( user_id, Matricule, Name, Email, position, Department, superior_id, superior_name, Status, Signature, user_type ) VALUES ( '19e4f426-4aa2-428c-9466-f76a537aa1a8', '00261', 'Fanomezana Mampionona RAKOTOMAMONJY (DCM)', 'fanomezana.rakotomamonjy@ravinala-airports.aero', 'Responsable Pôle Aviation', 'DCM', '2b6877d3-09d9-42cb-9f06-ecd63048bff5', 'Oeliarisoa Nomenjanahary ANDRIAMASOANDRO (DCM)', null, null, null);
INSERT INTO Users( user_id, Matricule, Name, Email, position, Department, superior_id, superior_name, Status, Signature, user_type ) VALUES ( '19e797c0-8d6f-4196-ba6e-421e346f4497', '00186', 'Felana RAKOTONDRAMANANA (DSI)', 'felana.rakotondramanana@ravinala-airports.aero', 'Project Management Officer', 'DSI', 'c894ab8a-7e91-41c9-8102-5eef8d8e99a0', 'Dominique RAKOTOMAMONJY (DSI)', null, null, null);
INSERT INTO Users( user_id, Matricule, Name, Email, position, Department, superior_id, superior_name, Status, Signature, user_type ) VALUES ( '1a0f5dab-9ad7-4a30-b73c-842f54ba6a9a', '00288', 'Rova RAHERIJAONA (DT)', 'rova.raherijaona@ravinala-airports.aero', 'Directrice Technique', 'DT', 'ec738732-6e94-4288-be4a-c098408d199d', 'Daniel LEFEBVRE (DGE)', null, null, null);
INSERT INTO Users( user_id, Matricule, Name, Email, position, Department, superior_id, superior_name, Status, Signature, user_type ) VALUES ( '20c46cd1-b68b-4fe2-b3fd-e84502178d6e', '00135', 'Mamy Harilala F. RAZAFINDRAKOTO (DOP)', 'mamy.razafindrakoto@ravinala-airports.aero', 'Agent de piste', 'DOP', '5137249d-9e50-48f2-b598-19d2ba48e41f', 'Nirina Marius RAZAFIMAHATRATRA (DOP)', null, null, null);
INSERT INTO Users( user_id, Matricule, Name, Email, position, Department, superior_id, superior_name, Status, Signature, user_type ) VALUES ( '20f45e6c-8183-4c8e-b47c-340e7d6138c0', '00116', 'Herijaona RAMANANDRAITSIORY (DOP)', 'herijaona.ramanandraitsiory@ravinala-airports.aero', 'Chef de Section Aires et Voiries', 'DOP', '4c8cfbd5-435e-423b-bdf8-78d95000899e', 'Mamitiana RABARIJAONA (DOP)', null, null, null);
INSERT INTO Users( user_id, Matricule, Name, Email, position, Department, superior_id, superior_name, Status, Signature, user_type ) VALUES ( '20fff662-51ee-4fc4-99ae-dc7a9c361cbd', '00208', 'Fanjanirina RAFANILONIAINA (DOP)', 'fanja.rafaniloniaina@ravinala-airports.aero', 'Responsable des Recettes au Comptant', 'DOP', '6f76bda1-28b9-4666-8c7e-56d176dea46c', 'Miary RASAMOELY (DOP)', null, null, null);
INSERT INTO Users( user_id, Matricule, Name, Email, position, Department, superior_id, superior_name, Status, Signature, user_type ) VALUES ( '21d9053c-3f8d-4f27-97f1-37fb76f9e51d', '00415', 'Ruth RANDRIANASOLO (DOP)', 'ruth.randrianasolo@ravinala-airports.aero', 'Chargée Documentation SGS', 'DOP', '44e428dd-85bf-45a2-8af8-929e2487b4bc', 'Sambatra RAKOTOARISOA (DOP)', null, null, null);
INSERT INTO Users( user_id, Matricule, Name, Email, position, Department, superior_id, superior_name, Status, Signature, user_type ) VALUES ( '22f9444a-d9c7-47b8-af5e-e7e7ce893627', '00064', 'Alain RAHARINAIVO (DCM)', 'alain.raharinaivo@ravinala-airports.aero', 'Contrôleur fret', 'DCM', '7e56abd1-af10-4ce0-be7f-33e8c9bfaceb', 'Herimalala Naly ANDRIAMIHAJA (DCM)', null, null, null);
INSERT INTO Users( user_id, Matricule, Name, Email, position, Department, superior_id, superior_name, Status, Signature, user_type ) VALUES ( '246713b5-1b64-407d-90f9-5f74dd04009b', '00314', 'Hajatiana RABEHANTA (DSI)', 'haja.rabehanta@ravinala-airports.aero', 'Administrateur Réseaux', 'DSI', '83dc05fd-0e42-43f5-b0e0-1567df7647b1', 'Vonjimampianina RAKOTOARISOA (DSI)', null, null, null);
INSERT INTO Users( user_id, Matricule, Name, Email, position, Department, superior_id, superior_name, Status, Signature, user_type ) VALUES ( '24b6a13a-f642-41f9-a8e4-06741434c0f5', '00449', 'Marc Alexandre SYLVIANNO', 'alexandre.sylvianno@ravinala-airports.aero', 'Agent de Piste NOS', 'DOP', '0b27a9f1-3add-4181-847a-cc2dc8bcfa29', 'Tefy Antonio Patrick RAJAONAH (DOP)', null, null, null);
INSERT INTO Users( user_id, Matricule, Name, Email, position, Department, superior_id, superior_name, Status, Signature, user_type ) VALUES ( '25460faa-35ba-4e2c-b689-b916b981e5c8', '00364', 'Andrianina Mihajarivony RAMAROSON (DJA)', 'andrianina.ramaroson@ravinala-airports.aero', 'Assistant Juridique et Assurances', 'DJA', '8877fae2-664d-4870-a5db-657f02c451c8', 'Tahiana RAKOTONDRASOA (DJA)', null, null, null);
INSERT INTO Users( user_id, Matricule, Name, Email, position, Department, superior_id, superior_name, Status, Signature, user_type ) VALUES ( '2638f1cc-9a49-4aaf-bcff-4c2179c8b517', '00281', 'Herilala Zo Faniry RAZAFINDRABE (DJA)', 'faniry.razafindrabe@ravinala-airports.aero', 'Juriste Junior', 'DJA', '409cd9a0-3b88-4852-b991-ad62edd52866', 'Josie RABESON (DJA)', null, null, null);
INSERT INTO Users( user_id, Matricule, Name, Email, position, Department, superior_id, superior_name, Status, Signature, user_type ) VALUES ( '26b7fe7c-73f6-4cdf-b949-2f87508fe834', '00283', 'Robert RATSIRAHONANA (DSI)', 'robert.ratsirahonana@ravinala-airports.aero', 'Technicien AOS & IT', 'DSI', 'ecead56b-8c32-4a01-bafd-4a05e135949f', 'Nathalie Doriane RALAIARIMALALA (DSI)', null, null, null);
INSERT INTO Users( user_id, Matricule, Name, Email, position, Department, superior_id, superior_name, Status, Signature, user_type ) VALUES ( '294fa2ed-b737-4b45-bfcd-ba8e7f0884db', '00120', 'Toetra Andoarinelina RASOLOFONIAINA (DOP)', 'ando.rasolofoniaina@ravinala-airports.aero', 'Chef de Quart', 'DOP', '0b27a9f1-3add-4181-847a-cc2dc8bcfa29', 'Tefy Antonio Patrick RAJAONAH (DOP)', null, null, 0);
INSERT INTO Users( user_id, Matricule, Name, Email, position, Department, superior_id, superior_name, Status, Signature, user_type ) VALUES ( '29cef9c3-efbe-4c6e-9e65-f0c728986b67', '00421', 'Elsy HARVEL (DCM)', 'elsy.harvel@ravinala-airports.aero', 'Cheffe de Services Développement des Activités Non Aéronautique', 'DCM', 'b2b5434a-736d-4d06-bfd7-16e54a7c7c71', 'Zoelisoa RAJOHNSON (DCM)', null, null, null);
INSERT INTO Users( user_id, Matricule, Name, Email, position, Department, superior_id, superior_name, Status, Signature, user_type ) VALUES ( '2aef7554-0f9c-4a49-adf2-5a646e49aca3', 'ST150', 'Finaritra Amy ANDRIANIAINA (DSI)', 'amy.andrianiaina@ravinala-airports.aero', 'Stagiaire DSI', 'DSI', 'db805c79-6ff8-45eb-97b2-f6825775f72f', 'Christelle RAKOTOMAVO (DSI)', null, '/9j/4AAQSkZJRgABAQAAAQABAAD/4gHYSUNDX1BST0ZJTEUAAQEAAAHIAAAAAAQwAABtbnRyUkdCIFhZWiAH4AABAAEAAAAAAABhY3NwAAAAAAAAAAAAAAAAAAAAAAAAAAAAAAAAAAAAAQAA9tYAAQAAAADTLQAAAAAAAAAAAAAAAAAAAAAAAAAAAAAAAAAAAAAAAAAAAAAAAAAAAAAAAAAAAAAAAAAAAAlkZXNjAAAA8AAAACRyWFlaAAABFAAAABRnWFlaAAABKAAAABRiWFlaAAABPAAAABR3dHB0AAABUAAAABRyVFJDAAABZAAAAChnVFJDAAABZAAAAChiVFJDAAABZAAAAChjcHJ0AAABjAAAADxtbHVjAAAAAAAAAAEAAAAMZW5VUwAAAAgAAAAcAHMAUgBHAEJYWVogAAAAAAAAb6IAADj1AAADkFhZWiAAAAAAAABimQAAt4UAABjaWFlaIAAAAAAAACSgAAAPhAAAts9YWVogAAAAAAAA9tYAAQAAAADTLXBhcmEAAAAAAAQAAAACZmYAAPKnAAANWQAAE9AAAApbAAAAAAAAAABtbHVjAAAAAAAAAAEAAAAMZW5VUwAAACAAAAAcAEcAbwBvAGcAbABlACAASQBuAGMALgAgADIAMAAxADb/2wBDAAoHBwgHBgoICAgLCgoLDhgQDg0NDh0VFhEYIx8lJCIfIiEmKzcvJik0KSEiMEExNDk7Pj4+JS5ESUM8SDc9Pjv/2wBDAQoLCw4NDhwQEBw7KCIoOzs7Ozs7Ozs7Ozs7Ozs7Ozs7Ozs7Ozs7Ozs7Ozs7Ozs7Ozs7Ozs7Ozs7Ozs7Ozs7Ozv/wAARCAIVAyADASIAAhEBAxEB/8QAHAABAAIDAQEBAAAAAAAAAAAAAAEHBAUGAwII/8QAVBAAAgECAwQFBwgGBgcFCQAAAAECAwQFBhEHEiExE0FRYXEUIjKBkaGxFSNCcoKywcIzUmKSotEXJFNjc9IWJTRDVJPhREaUs/AmJzVVZHWEw/H/xAAZAQEBAQEBAQAAAAAAAAAAAAAAAQQDAgX/xAAuEQEAAgEBBwMEAQQDAAAAAAAAAQIDEQQSEyExQVEUMmEiM0JxgSRSYpEjobH/2gAMAwEAAhEDEQA/ALmAAAAAAAAAAAAAAAAAAAAAAAAAAAAAAAAAAAAAAAAAAAAAAAAAAAAAAAAAAAAAAAAAAAAAAAAAAAAAAAAAAAAAAAAAAAAAAAAAAAAAAAAAAAAAAAAAAAAAAAAAAAAAAAAAAAAAAAAAAAAAAAAAAAAAAAAAAAAAAAAAAAAAAAAAAAAAAAAAAAAAAAAAAAAAAAAAAAAAAAAAAAAAAAAAAAAAAAAAAAAAAAAAAAAAAAAAAAAAAAAAAAAAAAAAAAAAAAAAAAAAAAAAAAAAAAAAAAAAAAAAAAAAAAAAAAAAAAAAAAAAAAAAAAAAAAAAAAAAAAAAAAAAAAAAAAAAAAAAAAAAAAAAAAAAAAAAAAAAAAAAAAAAAAAAAAAAAAAAAAAAAAAAAAAAAAAAAAAAAAAAAAAAAAAAAAAAAAAAAAAAAAAAAAAAAAAAAAAAAAAAAAAAAAAAAAAAAAAAAAAAAAAAAAAAAAAAAAAAAAAAAAAAAAAAAAAAAAAAAAAAAAAAAAAAAAAAAAAAAAAAAAAAAAAAAAAAAAAAAAAAAAAAAAAAAAAAAAAAAAAAAAAAAAAAAAAAAAAAAAAAAAAAAAAAAAAAAAAAAAAAAAAAAAAAAAAAAAAAAAAAAAAAAAAAAAAAAAAAAAAAAAAAAAAAAAAAAAAAAAAAAAAAAAAAAAAAAAAAAAAAAAAAAAAAAAAAAAAAAAAAAAAAAAAAAAAAAAAAAAAIJNZjeP4bl+zd1iV1ChDlFPjKb7Irm34CImeUDZNpc2Yd/i+HYXBTv7+2tYvrrVVDXw1ZTuYdq+M4zW8iwGlUsqVR7kXFb1epr1LTXd9XHvMfC9lmaMbk7zEakLN1fOlO7m51Z97XPX6zTNMYNI1yToLZpZ4yvWqKnDHrDeb0WtZL3s3dOtTqwjOnUjOMuKlF6plRV9iF3GlvW+OUZ1dPRnbuCfrUn8Dm6F3mnZjjEaNVShTm9XRct6hcR1WrXUny4rRr16F4NLfbtzR+gyTWZfxq2zBg1viVo30daOri+cJcnF96ZszLzjqoAAAAAAAAAAAAAAAAAAAAAAAAAAAAAAAAAAAAAAAAAAAAAAAAAAAAAAAAAAAAAAAAAAAAAAAAAAAAAAAAAAAAAAAAAAAAAAAAAAAAAAAAAAAAAAAAAAAAAAAAQ3ojCxXFrHBrGpeX9zC3oU+c5v3Jdb7lxKYzXtFxTNVz8l4JTrULWrLcVOmtatx46cl3L168jpjxWyTy6Dsc5bVLLB+kscHUL2+WsZT11pUn4r0n3Lh39RwWEZZzLtExB4hd16ioSek7yuvNS15Qjw18FouHNHV5M2Swpbl/mOMak+DhZxesY/Xa5vuXDvepaVKlCjTjTpwjCEVpGMVokuxHeclMXLHznyjQ5ZyTg+WKC8io79w46TuaqTqS7fBdyOhSSJBlmZtOsqg4raxZULjIl3Wqxi5206c6UmuMW5xi9PFSaO1Ko2y5kh0FHL1vU8+TVa50fJL0Yvxfnepdp0w1mckaEsrYjXqzwbEbeWvR07iMo+Mo8fuos443ZdgdTBsn0JV4bta8k7icXzimkor91J+s7IZrRbJMwAAOQAAAAAAAAAAAAAAAAAAAAAAAAAAAAAAAAAAAAAAAAAAAAAAAAAAAAAAAAAAAAAAAAAAAAAAAAAAAAAAAAAAAAAAAAAAAAAAAAAAAAAAAAAAAAAAAAAEN6ADnc15zw3Klop3U3UuZpulbQfnT7+5d/wATU562iWmWYSsbPcucTktVDXWNHXk59/YvhwK6yzlDGtoGKVMUxKtWjaynrWu5+lUa4bsFy4cuxad2hox4YmN+/KEeE6uZtp2PaLjCD9HVqjaxb5+Ptb07uFu5QyNheVKClRgq95OOlS6nHzn3RX0V3Lnw110NzhGC2GB2ELHD7eNGhDjurm32t9b72ZxMmabRu15QoklyRIBwAgkxMSxG1wuwrXt5WjSoUIOc5PqX8+pLrA1ebs0W2VsFqXtXSdZ+ZQo68ak+peHW+4qLI+XbvPOaKmKYq3VtqVXpbmclwqzfFQXd2rqjw4aox8TvsV2mZwhQt6bjTbcaFN8Y0KWurlLTr6336LsLxwDBLTL2EUcNsoaU6S4yfOcuuT72zXP/AAU0/KUbGMVGKSWmh9AGRQAAAAAAAAAAAAAAAAAAAAAAAAAAAAAAAAAAAAAAAAAAAAAAAAAAAAAAAAAAAAAAAAAAAAAAAAAAAAAAAAAAAAAAAAAAAAAAAAAAAAAAAAAAAAAAAAAhvRagNe8rnaDtJhg3SYTg1SNS/a0q1tNY2/d3y+HuPDaNtH+TnPBsEq63erjcXEXr0X7Mf2u/q8eWm2e7N54jOljeO0peTN79C3qLjV61Kf7Pd19fDnpx44rHEydPAxcjbPLnMldYxjnSqznLfjGcnv3L7W+ai+3r95dlvb0rWhCjQpRpU6cVGMILRRS5JI+oQUIpLgl2I+zlkyWyTzAAHMACJPRagfFatToU5VKk1CEU5SlJ6JJc2yis9Zwu854xTwjCYTqWUaijRhBedcz/AFn3di8W+7P2kZ9ljVd4Bg03O13t2rVp8XXlr6MdOcdfa+7n1mzjIUMvWqxLEYKWJ1o+i+PQRf0V+12v1duuulYxV37de0I2WQ8mUMqYTpVUal/cJSuKq5Lsiu5e98e5dWEtCTLa02nWVAAQAAAAAAAAAAAAAAAAAAAAAAAAAAAAAAAAAAAAAAAAAAAAAAAAAAAAAAAAAAAAAAAAAAAAAAAAAAAAAAAAAAAAAAAAAAAAAAAAAAAAAAAAAAAAAAAAQ3otSt9pe0F4RTnguE1f69Uj89Wjzt4vqX7T9y49aOhz5muGVcClXhpK8r607am+uWnGT7kuPsXWVls6yhUzVi1TGcXUqtlSqb0nUevlNXm0+1Lm+3gu3TRipERxL9IRsNnOzyWISpY7jdJug3vW9vUX6XsnJdcexdfPlprccYqK0REIKEUkktOw+znkyTknWVAAcwAIAN6Jsqfajn/d6XL2E1k21u3deL5dtNPt/W9nabnaZnn5As3hmHVdMSuI8ZL/AHEH9L6z6vb2a81svyK7+tDMOLUm6MJb1pSnzqNP033Lq7Xx5c9OKkVjiX/hG22Z7PvIIU8dxel/WpJSt6E1+hX6zX63Yurx5WcloEklyRJxvebzrKgAPAAAAAAABDAElcZp2l3OAZyhhFK0pVLalKCuJzk997yT83TgtE+vXXuLFi9UerUtWIme4+gAeQAAAAAAAAAAAAAAAAAAAAAAAAAAAAAAAAAAAAAAAAAAAAAAAAAAAAAAAAAAAAAAAAAAAAAAAAAAAAAAAAAAAAAAAAAAAAAAAAAAAhvQkwcavJYdgt7fRSbtqE6qT/Zi3+A6ikM5XtznXaEsOs5b1OFbyS360tH50/bq/BIu7BsLtsFwm2w60hu0reCjHXm+1vvb1b8Sm9jllC5zfXuqkd52ttKUG+qcmo6/uuReSNW0zuzGOOkJCQAZVAAAOfzjmi2ytglS9q6TrSe5b0m/Tn/Jc2dAcJtAyDe5vvbK4tb6lQjQjKE4VU2tG9d6OnX3cNeHE944rNo3p5Cvcl5aus95krYlikp1LWFTfuqr4dLJ8VBf9OS7NUXzRpQoUo0qUIwhBKMYxWiilySXUYGA4Ja5fwihhtnDdp0Vz65y65Pvb4mzPWXLxLfAAA5AAAAAAAAAQ+RJ8y5Afm3PdzK6zvi9XXjG5lBfZ838p+jLGp01lRq89+nGXtSZ+XMQunfYnc3cudetOo/tNv8AE/TGW6nTZZwur+vZ0pe2CN21RpWsJDZgAwqAAAAAAAAAAAAAAAAAAAAAAAAAAAAAAAAAAAAAAAAAAAAAAAAAAAAAAAAAAAAAAAAAAAAAAAAAAAAAAAAAAAAAAAAAAAAAAAAAAAYWL2XylhF3YapeVUJ0tX1b0WtfeZpDWqAonZHiEMNznOzudacrujKjFNcqialo/VGS8dC9k01zKV2m5QusHxeWZMMhNW1ar0lWUOdvV19LuTej16n6josobWMPvrenaY9UjZ3cVp07XzVXvb+i/Hh38dFrzV4kRkqiyQeFveW91SVW3r061OXKVOSkn60eu8jIr6INXieZcFweO9iGJ21v+zKot5+EVxfsOGxrbRh9vvUsHsal3PilVrfNwT6npzfhwPdMd79IFmuSXWjSYrnLL2Ctxv8AFbenNPR04y6Sa8Yx1aKZq49nrPNWVG2dzUpvhKlaRdOlHucv8zZu8I2LYjcaVMWv6VpHXV0qEekl4a8En7TvwK0+5ZHQ3e2nAaU5QtrG+uNHwnuxhF+2WvuMaG27Dt5dJg90o9bhUi37Hobax2RZUtV89Rubx9tau1p+5umbPZhk6cd35HUe+Neon94muz+JGHh21zK98tK1WvYy5JXNLg/XDeS9Z2Fpe2t9QVxaXFKvSlyqUpqUX60V7iuxbCK8JSwy9ubSo+SqaVYeGnB+9nDXuA5v2d3fllGdSnR67m2lv0pceUk195eBeFiv7LaT8j9Bakld5L2pW2Nyp4fi0adnfye7Ca/R1n1aa+i+58+p8dCw001wM96WpOllSADyAAAGtzFeSw7LmJXsHpO3talSPioto2Rye067dnkHEXF6SqqFLxUppP3anqka2iB+eOvifpXI1R1ckYPJ81aU4+xafgfnWVo44TSvWuFSvOmn9WMH+c/Qmz2W9kPCH2UNPY2jftnOsftIdIAD5ygAAAAAAAAAAAAAAAAAAAAAAAAAAAAAAAAAAAAAAAAAAAAAAAAAAAAAAAAAAAAAAAAAAAAAAAAAAAAAAAAAAAAAAAAAAAAAAAAAAAADzrUadenKnVhGcZJpxktU01o0V3mHY7hl/Unc4RcvDqknq6Tjv0te5c4+3TsRZAPVL2pOtZFDVdlecMPrylZ9BVevCdvc7jf726RPIG0G5W5XhXlDl87fxa9m8y+gd/VX8QmikcO2L41Xknf4haWkXzUNakvZwXvO3wbZPlvCpRqV6U8Rqp663L1ivsLRNeOp24PFs+S3KZXR5ULajbUYUaFKFKnBaRhCKjGK7kj0JBxAAADzq0oVqbp1IRnGS0lGS1TXWj0AFQZ92Xq3p1MWy9S81NyrWcertcF+X2dSMjZntCncTp4FjNdyqvzbW4m+M/2JPt7H18uemtrMpbalkt4Tc/6Q4bDo7erNdPCHDoqjfCS7E37H48NeO8ZI4d/4lF0p6rUk47Zxmz/SfAVG5mnf2ekK/bJP0Z+tJ+tM7EzWrNZ0lQAHkQVttqvHTy7ZWkZaO4ut5rtjGL/GSLJKX22XvSY7YWKl5tC3dR9znLT4QR22aNcsJLQYvY+TbOcAryWkq9zc1PfGK90EXBs2e9kDCn/dyX8cjgto9k8MyHlixnHSpSgoy+tuLX3nd7Mtf6PsL1/Vqf8AmSO2Wd7FE/MjqgAY1AAAAAAAAAAAAAAAAAAAAAAAAAAAAAAAAAAAMHFcVtMGsK19fVlRoUY70pP4Jdb7j3vLu3sbSrdXVWNKjRi5znJ6KKR+fc9Z2uM2Yh0dNyp4bQk+gpct58t+S7fgvF69sWKclvgWdk/aVTzXjtfDo4bO3jGnKpSqOpvNpNLzlpwfHq1O7OA2UZXeEYD8p3MNLrEUprX6FL6K9fpetdh3x5y7sXmK9BIAOYAAAAAAAAAAAAAAAAAAAAAAAAAAAAAAAAAAAAAAAAAAAAAAAAAAAAAAAAAAAAAAAAAAAAAAAAAAAYuI2FviVhXs7qmqlGvBwnF9af4mUQwPz9gtzcbPtojt7iXzVOp0FeXVKlLRqX3ZerQ/QEXwXHUqLbXgyhWscap0/T1tq0tetedD3b/sR3Oz7F3jOTMPrzmpVadPoavHjvQ83j3tJP1mnN9dK5EdMADMqG9EUDmfczPtZqWfnSpVL2naNdkY6Qn71Jl7393TsMPuLytLdp0KUqkn3RWr+BR+yu2rYvtAeI19JToQqXNR9TnLzfjNv1GnB9MWv4gdHtulpZ4PT5efVfDuUP5nW7No7uQMKX93J+2cjjNuMtHgkH19O/8AyzuNnsd3IeELtt0/a2y2+xX9jowAZQAAAAAAAAAAAAAAAAAAAAAAAAAAAAAAAAPmUt1asllZ7Vs6vDreWAYfV0uriP8AWZxfGnTf0fFr3eKZ7pSb23YHMbS89Sx28lhOHVn8nW8/PnF8Lia6++K6u18ew0mQstPM2ZqFvUi3aUfnbl9W6vo+t8PDXsNNd2LsaFuq/CvXgqu5r6EGvN175Lj3LdfXwvbZpln/AEfy1TqV6e7eXulatquMV9GPqT9rZ9DJauHFpVHYQioxUUkklokuo+gD5igAAAAAAAAAAAAAAAAAAAAAAAAAAAAAAAAAAAAAAAAAAAAAAAAAAAAAAAAAAAAAAAAAAAAAAAAAAAAAAAOQ2o2MbzId/Jx1lQcK0e5qS19zZz2xG83sJxOx/sriFVcf146fk952udIRqZMxiMuXkVV+yLf4Fc7D2/L8YXV0dF++ZqrzwW/aLhAIMquL2rYp8nZKuKUZaTvJRt4+D4y/hi16zTbFML6HCL7FJw0lc1lSg31xgtdV65P2Gi2y4u7zHrTCabUo2dNymk+O/PTg/sqL+0WllPCFgWV8Pw5x3alGiulWuvzj4z/ibNNvowRHlFcbcJ63uDU0+KhWftcP5Fh5JpOjkrB4Pm7OnL2xT/ErDbVW1zNZUteFO0UvbOX8i3MBpdBl/D6P9na0o+yCGTlhpB3bAAGZQAAAAAAAAAAAAAAAAAAAAAAAAAAAAAIJPOtWhQpyqVJKMIJylJvRJLmwNHnHM9DK+BVb6puzqy8yhSb/AEk3y9S5vuKYy1hvy3e4hmbH5SrYfYt17lza/rFTmqa14cXpw7Glw1R7Zlxe+2iZypWeH70qCm6NpB66KP0qj8dNX3JLmjY7Rbi1wDCcPybhk/mrdKtdSXBzm+W93vjL1x0N+Om5EV7z/wBQjByThVfOuep39/FTo0qnlVzwe6+Pmw8NdOH6sWX7FaI5HZtlv/R/K9Hpqe7d3eletqtHHVebF+C97Z15nz3378ukKAA4AAAAAAAAAAAAAAAAAAAAAAAAAAAAAAAAAAAAAAAAAQDSZmzXhmVrJXF/Ue/PVUqMOM6jXYuztb4IsRMzpA3bklzZgYhj2E4V/wDEMStbV9lWtGL9jZSuK5+zXm+88iwqNe3py9G3s9XUa7ZTXHx5LtMjDdjuYL75zELm2st56yUpOrPxenD3miMEV+5bRNVly2jZSi9HjVFvujJr2pGbY5wy7iU1TtMZs6k3yh0qjJ+p8ThIbD7fc8/HKjlp9G3SX3jXYhsTxC3hKeHYtb3D6oVqbpt92q3vwG5gn8lXIpKXJpkn5+tcczjs8v4W11GtCjyVtcefSnFfqPkufOL7NS4spZvw/NmHO4tG4Vqeir0JPWVJvl4p6PR9ftPGTDanPrCOgABxUAAAAAAAAAAAAAAAAAAAAAAAAAAHNbQrlWuRMWqN6b1Ho/3mo/icXsPtpJYxdNea3Spp963m/ijZ7Z8TVtlijh8Z6Tu7hNx7YQWr/i3DL2P4fKzyUriTbd7cTrJPqS0hp/A36zVHLZ5+ZTu7s8bq5pWdrVua81ClRhKc5Pqilq2exXu17MCw7LccLpSar4hLdenNU46OXte6vBsz0rv2isK4LKtCpnXaXG8uIt03Xld1VLjpCL82Pt3Y+BfyWiK42O4D5DgNbF6sdKl/PSHHlTi2l7Zb3sRY28nwOu0Wi19I6RyRRG12Tr57dJcd22pw9fF/mL1oQ6KhCn1Ril7EUPnCaxTa5KhzjK9t6H3Iv36l9x4I95+VKR8KkAGUAAAAAAAAAAAAAAAAAAAAAAAAAAAAAEN6FY7Xc2+R2ccvWc9K9yt65kn6NPqj4y+C7zvMwY1b4BgtziVz6FCGqiuc5PhGK729EUlk7BbnPmc6t/iK6WhCflF3JrhLX0YLuemmnYmaMFI53t0gdhs6wC3ytli5zTiq3K1Wi5xUlxp0UtV65c/3e85DKNhXz1tBle3sd+kqjurlPjHRPzYcerXSOnYn2HXbY8eVrhtrgNvJRnc6Va0U+Kpxfmr1yX8Bt9k+X/kjK0L2rDS4xFqs9VxVP6C9msvtHXfmKTknrPRHcR5I+iCTEoAAAAAAAAAAAAAAAAAAAAAAAAAAAAAAAAAAAAAAAAQSfM3uxbb0062Bo825ntcrYNUvbjz6j8yhST41J9ncutv8dEU1g2DY5tLzDVvLytONJSXT3DXm0o9UILt7F63z4/eZsTvNoWeadnYy3qHSdBaJvgo/Sm/HTV9yXYXZl/A7PL2EUcOsqajTpx4y04zl1yfe/wDp1Gv7FP8AKURgOXMNy5ZK1w62jSj9Oems6j7ZPrZtNEuokGSZmecqEEgDX4zgtjjuHVbHEKEatGa5acYvqafU12lE1qeIbMs8rclKpCk1KL5K4oSfJ+zTucfA/QpWO2zDYVMHsMSS0nRrui3pzjJN8fBx95o2e+ltyekpKyLS5pXlpRuaE9+lWhGpCXbFrVM9zjdll9K8yJZRnJynbynRbfdJtL1RaR2RxtG7aYUAB5AAAAAAAAAAAAAAAAAAAAAAIb0WoNPmrHaeXcvXeJVNHKnDSlF/Tm+EV7efdqyxGs6QKh2o4nUx7O8MLtW6itN23pwXKVWT87T1uMfsl04Nh1PCMHtMPpabltRjT1S9LRcX63xKa2VYLVx3NlXGbrWpCzbqym/p1pa6fmfc0i8ktFoaNond0xx2SETluxb7D85Z1zDDMuba11KpJWdOao0nFatU4vml2vVv1ltbU8drYLlKpTt9VVv5eTKaXoJpuX8Ka9evUVPlDIuKZtuN+mvJ7GL0qXU1w17Ir6T9y7e3ps0RWs5LEthe59x/GXQwbLtGtY2sIqlQoWibrSilotZLjy7NO/U6/Zvl7N+FYvXusanXpWk6TTpVbhVHUm2tGkm9NOPF6cztMu5VwrLNp0GH2yjJrz609HUqeL/BcO42lerC3oTrTe7CmnKTfUkcr5omN2kchROCOGLbZIz9KM8SrVY/Z35L7qL7RRGyK2V5nl3E2963t6lZeLah+dl7ou0++I8QQkAGZQAAAAAAAAAAAAAAAAAAAAAAAAAACJPRNjU47aHnKnljCHStqieI3UXGhDm4Lk5tdi6u1+s9VrNp0gcHtXzPLGcap4BYuU6NpPSpGK1dSs+GiXXprp4tlk5Jy3TyrlqlbVN3yioulup9s2uK17EuHq7yvNkuUniGIPMd/T3qFvJ+T7/HpKvXPjz3fj4Hc7TMaWDZNuejk41rtq2ptdW9rvfwqXHt0NOTTlhqiq6rqbQtpKS3nb16+i0+hQh8NUtfGRf9GnGlSjCEFCMVoopaJIqvYrgbjRvccqx4zfk9HVaNJaOb8G91eplrnjaLRvbsdIEgAzqAAAAAAAAAAAAAAAAAAAAAAAAAAAAAAAAAAAAAAAAHI7Tcalg2Tbroqm5XvNLan9rXe/hUvXodcVBtuv5Su8Lw5S82MJ1px720ov3S9p1w13skQPbYtgUejvMdrRTk35NQfYuDm/ur1MthGgyLhywzJeFW+m7J28ak1+1Pzn72dATLffvMgADmAAAFf7ZWlkymnzleU0vHdkywCp9t+ILosLwyE03KU69SHZolGL98/YdsEa5ISW52OU5wyZOUuU7uco+GkV8Uzvzl9nNhLD8i4ZSqLSVSm6z8Jycl7mjqDxknW8yoADwAAAAAAAAAAAAAAAAAAAAENgG9EUZtNzNUzLmGlguHt1ra1qbkIw49NWfDVeGu6vX2nabTc7rAsOeGWFXTEbmL86L0dGHJy8XxS9b6kaPZJk5uccyX9JpcVZxl168HU/Bet9hqxVjHXi2/hHfZNy7Tyzly3w9aOtpv15r6VR838Eu5I3xBJmmZmdZVjXuH2WJW7t760o3VFtN060FOOq69GelvbULShChbUadGlTW7CnTioxiuxJcj1BPgDQZ5u42eScXquW63azpxfZKa3V75I35wO2O9VvkryfX/AGq5p09O5az/ACo9441vEDnNiNkpX2K3+n6OnToxfdJtv7qLgK+2NWSoZRrXLXnXN1KWvdFKPxTLBPeedckiQRqu0by7TiJBGq7SQABAEgjeXaN5doEghNPkw2lzYEkHOZiz3gWWZuje3W/c6a+T0Vvz9fVH1tHPUNtOAVayhVsr+jFv03CDS8Upa+zU6RivaNYgWISYOFYxh+NWULzDrqncUJ8FKD5Psa5p9z4mac+fcSAAAAAA+XOMU25JadrOOx3ajl3BZSpQuHf3Ef8Ad2vnJeM/R9jb7j1WtrTpWB2WocklqUhie2HMF9UVPDbShZJvSOkemqPwb4e417sdoua4zp1qeKVqU+MoVm6FKXqluxZ3jZrflMQmqys27SsJwClUoWdSF9frgqVKWsIP9uS5eC4+HMrTL+XsY2jZgq4hiNap5Nvp3Fy1okuqEFy1008OvsfT5d2M7tSFfMF0pxXHya3b0fdKfB+pL1lpWVjbYfa07W0owo0KS0hTgtFFdxd+mKNMfOfIixsrfDrKlZ2tGNKhQioQhHkkimtsWKyvsy22FUvOjZU+KXXUno9NPBR9rLrqzjTpynOSjGK1bfJIoLK9Keb9p8LyrDWm7mV3UX6sYvWK8NdxE2blabz2JXVlfCY4Flyxw1LSVCklPvm+Mn+82bYgkzTOs6qAAAAAAAAAAAAAAAAAAAAAAAAAAAAAAAAAAAAAAAAAAAURtjqynnSMNf0dlTS/ek/xL2KK2y0ZQznTqJcKtlBrxUpL8DTsv3Eld9nBUrSjTS0UIKKXgj3Mewqxr2FCtF6xqUoyT7mtTIMygAAAACJcmUDm+vPOG02Vnby3oOtCyptdUYvST9rm/AuTN+NLL+WL7EU9KlOm1S75y4R97T8EyrtjeCu9x+4xmtFyhZw3IOS51J9evdHX95GrB9NbZBc9vRp29vTo0oqNOnFRjFdSXBI9SCTKAAAAAAAAAAAAAAAAAAAAEN6ICTmc65wtcp4W6s92reVVpb0NfSfa/wBlf9Os+s35ysMp4e6tfSrdVE1Qt4y86b7X2RXWyoMGwbGtpeZat5d1ZqkmncXGnm0o9UILt7F63398WLX6rdEl75Qyzf59zDWxPFZ1J2kam/c1nwdWX6i7OGnLktOXAvijRp0KUKVGEadOEVGMIrRJLkkuoxsKwu0wfD6NjY0o0rejHSEV8W+tvnqZp5y5JyT8KAA5AAABUe3C9TnhVgnyVStJexL8xbb4IoLale/KWfq9v0sY07aFO3jNvhHhvNvwcn7DTssa5NfAtjI1KlhWQ8L6VxpQ8mVecpPRR3tZtt9XpHLZn2xWlnUnbYDQV5UXB3FXVUk+5c5e71nHZizRiedb+hgeDUasLCLVO3tKfB1dOUp+CWunJJd2p3mUdlGH4VCF3jShf3vNU5R1pU34fSfe+HYus9TjpT6snWeyOFjj+0PNM3Ozq4hOm+XksHSgvtLRe1n0sD2m23zyWMR4avdvd5+xTbL5hThCChCMYxitEktEkfWhPU6dKwaKGttoudMvV1SxJzq6f7q+t3GWnc9FL18TvMubWsExZxoYgnhtzJ6LpJb1J+E+GnrSO1vcPtMRt3b3ltRuKMucKsFJP1MrjMuxyzrxlcZfru0q8/J6rcqb8HxcfevAb+LJ7o0kWbCpGpBTg04vimnwZo82Zrssq4XK6uWp1paqhQT86rLs7l2vq73oin6GGbRct62lpQxanTXBQt9atNeGmqR74bs7zbmbEFc4zKvb02/Pr3s3Kpp2Ri3r7dEIwUidbWjQ1Yk7/Oe0O9qRt5V6tNPjRpS6OhTXVrx018W2etbIeeMv7t5awrOUeLlY1tZR9S0b9SZduB4JZZfwulh1hSUKNNc36U31yk+tv/1wNhoJ2nSdKxGhooWltPznhcegualOpOPDS6ttJL2bvvPivnrPOY/6tZ1K/n8HGwt9G/tJNr2l+ShGXCUU/FahRSWiSS7Bx6dqQKYy1sjxDEavleYasrWlJ7zowmpVpvvfFR9758jq77ZBlmvZunbQr2lZR82tGq58e1xfBruWh3uhJztnyTOuqvz1/wC0OzDMi19CXi6N1DX4+9N9nO6sr5nsM04XG9spaNaRq0pelSl2P8H1ntmDL9hmPC6lhf0lKE+MZpedTl1Si+p//wA5FH3NnmPZjmFVqUmqcnpTq7rdG4hrykviua6upnX6c8eLf+o/QhJXmC7YMBu6UY4nCth9flLWLqQ17nFa+1I21xtOyjb0t/5VjUfVGnSm2/d8ThOK8TpMK6xvRanLZq2gYNliMqVWo7m90822otOS+s/or39zK/zVtcvMRjKzwCjVsqc/NlXm10su6KWqj48X4HzlPZTfYtUjf5gnVtaE5bzot/PVXrx3tfR4+vw5nWuCKxvZJ0+Eam/zFm7aDeysrSnUlRb4Wtt5tOK/bl1+Mnpry0Osy/sYowUa2PXjqS/4e2e7FeMnxfqS8WWRheEWGC2cbPD7Wnb0Y/RhHm+1vm33szSWzzppSNIVrcKy7g+C09zDcOt7btlCHnPxlzfrZskkuRIM86z1AAAcztExJ4XkfE6sfTq0ugj9t7r9ibfqOK2JYYm8TxWcOPm29OX8U19wzdtt90eEYdYqWjrV5VWu1RWnxmvYb3ZZYeQ5Fs5NaSuZTry9b0X8KRp9uz/uR2IAMwAAAAAAAAAAAAAAAAAAAAAAAAAAAAAAAAAAAAAAAAAAAVJtuw+SlheJRS3dJ0Jvv4Sj+Yts5faHgksdyfe0KUFKvRj09Ht3o8dF3tar1nXDfcyRI+tnuJLEskYZU3t6dKj0M+5w83j6kn6zpintjOYIULi6wGvPTpvn7dPrklpNeOiT+yy4EMtNy8wJAByAgk8q9WnQoTq1ZqFOCcpSk+CS4tsCpNtOOdJcWWB0pLSkvKK3i9VFezefrR3Oz3A/kLJ9nQnHdr1l09ZftS46epaL1FSYRSqZ+2mKvVhJ0Ktw7ionx3KMeUX46Rj6z9AxWi0NWb6KVx/yiQAZVAAAAAAAAAAAAAAAAADzq1oUacqlScYQitZSk9El2gfbeib7Djc77QbLK9GdtR3bnEpLzaGvCn3z05LsXN8Oric1nXazGKqYdlue9PjGd61wX1F1/W5dmvNanJezS9zBXWK5gdWnaTlv7k2+luO9vmk+3m+OnPU00wxWN/J0Gty/lnG9ouNVMRxCvUVvv617uS5/sQXLXT1JerW8sIwiywXD6VhYUI0aFJaKK631tvrb7T2s7O3sbWnbW1CnRo0oqMIQjooruMg55Ms3/QgkA5AAAAAA+KklCnKUnoktWz8tYvefKmMXl8oteVXE6qi+Om9JtL3n6IzziXyVk3FLlT3Z+Typwf7UvNXvZUWyzL6xrNcbqrDet8OSrvXk56+Yvam/sm3ZpilbXlJWVs7yVTyzhMbi5pr5SuoJ1pddOPNU14dfa/BHZBIkx2tNp3pUABAAAEaDQkAAAAAAAAADHvbG1xG2na3lvTuKE1pKnUipRfqZkACvcT2N5fu6jnZVrqxf6kJ78PZLj7zX0tiNip/PYzcTh2U6UYv2tv4Fog6xnyxGm8ObwDIOXsvVI17Sy37mPKvXe/Nd66o+pI6RJIEnOZm06yAAIAAAEEkPkBSe2q86TM1nba6xoWilp2OUnr7ootzAbJYfgFhZr/cW1Om/FRSKW2hweI7ValnzU50KC+1GP+Zl8RWkUktNDVm5Y6Qj6ABlUAAAAAAAAAAAAAAAAAAAAAAAAAAAAAAAAAAAAAAAAAAA+ZLWLPogChM74NdZJznTxTDo9FQq1fKLaSXmxlr50PDV8ux6FyZYzDaZlwSjiNrJLfWlSnrq6U1zi/8A1xTT6z5zTly2zPgdfDrjzZS86lU0/R1Fyl+D7mymMvY5iuzjMtayxClPoHJRuaHNSWvCcNfd29fdr+/T/KEfoEGLYYhbYlZ0ruzrRrUKsd6E4vg0ZJkVJw+1jHPkrKFW0pz0rYhLoFp+pzn7uH2jt29EURtNxOrmTPMcKstKqtnG1pQT4Sqya3vXq1H7J2wV3snPpA6nYxgfQYXd41Vgt+6n0VFtcVCPP2y+6WeYGC4ZSwfB7XDqH6O2pRpp/raLi/FvV+szzxkvv3mwAA8AAAAAAAAAAAABGoEkNpdZhYpjOH4LaSusRu6dtRXDem9N589EubfcuJVeZ9sdxX37XL9HoIPVO6rRTm++MeS9evgjpTFbJ7YFh5lzjg+V6G/f3K6WS1hb0/OqT8F1LveiKexzNeY9oOJRw6xt6kLeb8yzoPhJLrqS4a6d+iRl5b2bY5miv8o4zVrWlvVe/KpX1lWreCfFeMvYy38Cy1hWXbJW2G2kaMXpvz5zqPtlLm+vw14HfXHh6c5RyOTdlVlg+5fYzu3l8uMafOlSfg/Sfe+Hdw1LDS0QJM172vOtpUAB5AAAAAAAIArLbVibpYPYYZB8bms6ktH9GC/FyXsNpslwf5NyhTupwcat/N1par6PoxXhotftFe7Srupju0F2NDznR6O0pJPXek3q/XvSa9RedhaUrCwt7OitKVvSjThr2RWi9yNWT6MNa+eaMkAGVQAAAAAAAAAAAAAAAAAAAAAAAAAAAAAPmXJ+B9ES5MCgsSm7vbPB89MXox/dnFfgX6uRQdnHpttMlprpi9R+ycn+Bfi5GnaPxj4EgAzAAAAAAAAAAAAAAAAAAAAAAAAAAAAAAAAAAAAAAAAAAAAAAhnKZ4yRa5ssVpJUb+kn0FfT+GXbHX2c11p9YQWtprOsD8/4DmLHNnGN1MPvbeo7fe+ftZPg/wBuD5evk/hdeAZjw3MdgrvDriNSC0U4vhOm+yS6vx6jxzLlPCs0WaoX9Hz4/o60OFSn4P8AB8Cm8WyrmjZ/iDxCxq1ZUIaqN5brhp2Tjx08Hqu81fRn+LIu3MOL08DwC9xKpo1b0nKMdfSlyivW2kU9sowmrjWcK2L3WtRWadaU5rXeqz10fj6T8Ua/Mu0XEMzZeoYXdW9OlOFVTrVaTaVVJeat3q4vV8XxXVyLM2UYdb2GTaNWFWlUrXUnWrOnNS3W+Ci+xpJcOptl3Zw4p16yO3RJAMapAAAAAAQAJBGqRg4jjeF4TT6TEL+3tY9XS1FFvwXNjqM8jVFeYxtjwOycoYdQrYjNPhJLoqb+01r/AAnE3+0jN+ZKztMOi7dT4RpWNNuo19bi/WtDvXZ7259IFy4xmbBsBpuWJ4hRt31QctZvwitW/YVnmHbNXq71HALToY8vKblJy9UOS9evga7B9kmP4vV8pxevGwhU86XSPpasn3rXT2vXuLIy9s7y9l5xqUbTym5jyr3Ok5LwWmi9S1PemHH15yiq8Oybm7O91G+xCdenSl/2m9b9H9mPN8+GiS7y0csbOsDy5uV40vK7yPHyiuk3F/srlH4951iWhJzvnvbl0g0QloSAcVAAAAAAAAAAAIfIkAU5lTJWNy2jTxLGLKpTpULipcSqy03ak2247r6+L17tOOnAuJLRAk93yTeYmQAB4AAAAAAAAAAAAAAAAAAAAAAAAAAAAAAIlyZJD5MCh8GjvbbJ/wD3S5fvmXwuRROBedttnp/8yuvjUL2XI07T1r+hIAMwAAAAAAAAAAAAAAAAAAAAAAAAAAAAAAAAAAAAAAAAAAAAAAAAHnUUNx76W7px15aHocltLxz5FydcunPdr3b8mpac05J7z/dUvXoWtd60RAp1YfDOOfatrhVKna291Xl0bp0/Mp04r0t1ac0tfFmzvchZzyrcSuMN6erFNfPYfUlvPxivO9WjR0exXA9I3uO1Y835NQ1XUtJTfh6K9TLY0NuXPNLbsc4hIUXY7XM0YbJ0MQp0bxxeklWpdHUXd5uiXrR0tnttw2aXluE3dF9bozjUXv3Sw7/B8OxSChiFjb3cVyValGenhquBzt5suyldzc/k2VGb66NacUvVrp7jnxMNvdXT9DwobW8pVYpzurii31VLeT0/dTMyG0zKE1qsXiu6VGovymir7FcCnPeoX9/S16nKEkv4TDlsQs9fMxu4S7HQi/xJu7PPeVdPPadk+C1eLp+FCo/ymJW2uZRpxbhdXFbTqhbSX3kjSR2H2CfnY1ctd1GK/Ey6GxXAYPWtf4hU7lOEV90buzx3keV3tswim35Jhd7WfV0koU17mzQ3u2zF6kpeRYbaW0WuDqylUa9fmr3HcW2ynKVu1KVhUryXXVuJv3JpG9sss4Hh01Us8Is6FRcpwoRUvbpqN/BXpXVOalfl/aHmmOltWxKrSk+DtaXRQX2opcPFmZh+yLMuI1XVxG4oWbm9ZSqT6Wo+/RcH7S8kkuCQE7TMeyIhVf4TsdwCySnf1K2I1NOKnLo4a+EePtbO2scLscModDY2dC2p9caNNQT9hlg42va3ukRoSAeABAAkEajeXaBIPlTi+TMa5xTD7Ja3d9b2/wDi1Yw+LHUZYNFcZ3yvbLWpj1g9OqFeM37I6mtq7UsnU3p8r72n6tvVfv3T1FLz0gdeDgbjbFlii/mvLLj/AA6KWv7zRhVdtuDpPosLvpfXcI/Bs9xgyz+IsoFUVduNPT5rAZP611p+Qxp7cLx/o8Bor61y3+VHr0+XwLgBS9TbXjUlrTwuyj9bfl+KMWptnzI/Rt8Nh3dFP/Oeo2XIaryBQ72xZoa4eQR8KL/zHz/S1m6b82pa+q3X8x6XJ8JqvoFCradnao/MrQ4/q2sX+BP9JGe/7WX/AIOH+Uvpb+YNV8gob+krPUfSrfvWkf5Ef0m53/to/wDhY/yHpb+YNV9DUoX+lLOkVxrUuHbbR/kP6Xc2Q9KpaP61v/1Hpcnwar61GpRMNs2ZovjSw6T76Uv857w21ZhS86xw5+EJr85PS5F1XfqCmKe2zGV+kwmzl9WU4/izIhtwu46dLgNJ/Vumvyk9Nl8C3wVVS24UHp0uBTj27tyn+VGXDbbg2nn4Xfr6u4/jJHn0+XwLKJK+obZstVf0lC/o986UX8JMz4bVsnyinLE5wfZK2q8PZE8ziyR2HZA5u22hZTuvQxy1j/iN0/vJGfSzTl6s1GnjuGzb6o3cG/iedy0dhtQeVG5oXEd6jWhUj2wkmj03l2nkSCNV2jVASCBqBIIJAEPkSRLkwKJy9x22T04/6xuv/wBheyKKyr85tqb7b67fuqMvVcjTtPur+kSADMoAAAAAAAAAAAAAAAAAAAAAAAAAAAAAAAAAAAAAAAAAAAAAAACGUftcxeeLZqo4Rba1I2UVBRj9KrPRtezdXjqXLi2IUcJwq6xC4fzdtSlUkut6LXRd75FI7OsOrZnz9LE7xOpG3nK8rSa4Sm35q/eeq+qadniI1vPZJXJlnCI4Fl6ywyKWtCklNrrm+Mn65Ns2xCJM8zrOsqAAgAACCQQBII1XaeVe5oW1J1a9anSpx5ynJRS9bA9QctiO0jKuHa7+K0q8l9G2Tq++PD3nL4httsoNxw7B69bsnXqKmvYt461w5LdIFo6jVFFXm1/NF6ujtKVpaNvzXSpOc/Dzm0/YeH/vKzE038sTjLk1rbwf3Ys6Rs1utpiE1Xnd4nY2Ed68vKFuu2rUjBe9mgutpOUbRtTxmlUa6qMJVNfXFNFZ22yDNF7U6S8q2ts5ek6lVzl/Cmn7ToLLYhbLjf43Wqd1Cioe9uXwHDwx7ra/obC620ZfpKStrS/ryXLWEYxfrctfcaO6233cotWmCUqb6pVa7n7lFfE6ey2Q5VtV8/Subx9tas19zdN5Z5IyzYr5jBLLh11KSqP2y1Y3sFekTJzVJV2r5wv3uW0relJvlbW28/4t4+FiW03FH83LGWn1woSpL2qKL2o29C2huUKVOlD9WEVFexH3pFD1FY9tIVQryVtDxSWtzRvJJ9dzexfucmZVDYzmepJOtcYdTT561Ztr2R095ePBdgcklxaQ9Vftomio6Ww6u4p18epwl1qFq5L2uaM+32IYbD/acXuqv+HTjD47xY1fEbK2Wtxd0KS7Z1FH4muq5wy3RelTHsOi+zyqH8ycfNPdXMUtjOWoab9W/qd0q0V8Ioz6GyvKFHnhkqvfUuKn4Mzqu0HKlLjLHLWS/Ybn8EzCq7VcoU+WJSn9W3qf5Sb2efIzKezzKVPlgVu/rb0vizJp5KyvS9HAMP8AXbxfxRoKm2HK0PRd5U+rR0+LRi1dtWX469HYYjPT9iC/OOHmnyOyp5cwSj+iwewh9W2gvwMqGH2dNaQtKMV2KmkVzPbfh6/R4LdS+tViv5mPLblT+jl+bXfd6fkHAzeE1haKtqMeVGC8Io+1TguUUVJU24Vm/m8vxX1rtv8AIeE9tuIteZg1vH61aT/AvpsvhdVx7qXIaIpaW2vG9Xu4XYrx33+Y+HtqzBrww/Dl4wqf5x6XL4NV2aIbqKS/pqzF/wABhv8Ay6n+cj+mrMX/AAGG/wDLqf5x6XL4TVd26j5dKnLnBPxKTW2rMXXYYb/y6n+c+ltqx/rw7Dn4RqL849Ll8LqueVpbS9K3pvxgjylhOGz9OwtpeNKL/AqKG2zF0/Pwmzl4SmvxZk09t90v0uA0pL9m5a/Kx6fN4NVm1MtYFV/SYNYT8baD/AxKmSMrVfSwCw+zQjH4HDQ240+U8vzXhda/kMyhttwiWnT4Te0/qOEvi0ODmjtKOkqbOco1OeCUF9WU4/BmLV2V5PqLhhcofVuKn+Yw6O2LK9TTfV7R+vRT+62bG22l5SutN3F6dNvqq05w09bWhNM9fKtbV2OZXqPzHe0vqV0/imYdfYng0l/V8Rvab/bcJfCKO1tMz4FfyUbTGLGtJ/RhcRb9mps1OLWqaa7UycbLXvIqiew2Lb3MwNLqUrTX85g3OxLFYx/quLWlV9lSEoa+zeLm1XagWNpyeRRNXZDmy3W9TnY1JLkqVdp++KPKOUdo+H/oKeIQS/sL1aexTL74DQ9eqv3iE0UJK+2nYd6TxrRdcqMqq9rTPqG0zPGHebdVFJrqubRR+Ciy+N1aaCUYyTUkmnzTHqKz1pBopW122Y1Tf9bw6yrr+73qb9rb+BtbbbhRlJK6wKpTj1ulcqb9jiviWLXy9gt09bjCLGs311LaEn70aq42cZRupOVTBKMW/wCylOn91ob+CetRpaG2bLNSWlSjiFHX6U6MWvdJv3G3ttpeUbnTdxiFNvqq05w97WhrLzY7le5etHyy07qNZP76kai82H2ktfIsbr0+6tRVT3pxGmzz3mBYVrmLBb3TyXFrKs31QuIN+zUz9+Mo6xaafWilrvYrjVJN22I2dwv7xSpt+5mA9nee8JTdnTqrTrs7tR/FMcLHPS4+sjT6ba7Tq8964uZa+MKhfCKY2bZSx+yzpTv8Rw+4tqVvCblUrrTelKLikn18/cXOibTMTeNPBCQAZ1AAAAAAAAAAAAAAAAAAAAAAAAAAAAAAAAAAAAAAAAAAAAAAAAazMOC0Mw4Jc4XcSnCnXilvQ5xaaaftSNbkzJtrk+yrUaNaVxVuJKVWrKKjrpyWnYuPX1s6UF3p03deQAEEEgxb3ErLDqTq3t1Rtqa+nVqKC95xmL7XsuWGtOz6fEKmj06KG7BPscpae1JnqtLW6QO9PidWFOLlOSjFLVtvRJFG4tthzBfb0bCnQw6m+TiukmvtS4e45S4xPEserJ4njM5R/Xuqs5Qj4RSbXqRprsl552nRNV8YptFythXm1cVpV5/qW3zr8NY6peto4/FNtsVrDCcIlJvlUup6fwx1+JwFrbZYt5ReJYlfXXHzoWFskn9upJP+E3NvmnJ2EtfJ+T/LJLj0uIXG9L93daXqOsbPSvaZCpnjPeY3OFjK5cdeMcPtuMftJOS9p6Udm2dcdrq4xGO5KS16W+ud+Xu3pe4yq+2bF1BQssMw+1guSlGUtPDRr4GG9o2ecTbVpUqJPqtbNS/Bs96ZI9sRA6TD9iNJOLxPGJyfXC2ppfxS1+B1OG7M8p4dpP5OVzNLTeuZuon9l+b7isox2nYtyeN8e1yoJ/dRENm+eMRnrd0pRb5yubuMvg5M52rafdkFxxvMsYDDoYXWF4dFP0FOnSXs4GJd5/ynZL5zHLaen9i3V+4mVtb7FsenNdPiGH0o9sJTm/Zuo2tHYdDh0+Pyl2qFrp73L8DlNMMdbjoa+1zKdKLdK6uK7XVTt5Jv97Q1lbbZg6bVDDL6b6t/civdJntb7Fsv00umvb+q+6cIr7psaGyjKNB+dYVKz7alxP8ABon9PHmTm5e4241NWrbAYJdtS5fwUTW19tePS/Q2GH0l1OUZyf3kWbQyHlW3WkcCspaf2lPf+9qbO3wTCrRf1bDbSj/h0Ix+CHEwx0oKR/pSzpfS0ta1NN/Rt7WMvimTVxzadfaawxnSXJ0bJwXtjFF8xpxjwUUl2JE6LsHHrHSkCh6eDbT75eljDUuqreOHulNHm9mGdb6et1bR1fOVe7jL4Nl+aID1Nu0Quij6OxbMUknO6w6n3dJNteyBmUtiOIy06fGbWH1KUpfFouUE9Tl8ip6Ww+lw6bH5v6lsl+Yy6WxHCF+kxW+f1VCP4Ms0Hmdoyz3FfUtjOWoNb9xiFX61WK+ETLhsjyjH0rOvU+tcTXwaO2BONk/uHIQ2V5Nhp/qly0/Wuav+Yy6ez7KdLlgtB/XcpfFnSA88S/kaJZJytH/u/h78beL+KPtZOyzHll7DF/8Ah0/5G6BN63kamOVsvw9DA8Oj4WlNfgescv4NH0cJso+FvBfgbEE1nyMKOD4bD0cPtl4UY/yJ+SsO/wCAtv8AlR/kZgJrIwXguFy54davxox/kecsu4LP0sIsX420P5GyA1kaeWUsuTessBw2T77Sn/I85ZLyvL/u9hq+rawXwRvAXet5HN1dnuU6y87BLeP+HvQ+60YNXZRk6o9VhtSD/Zuan4yOyB64l47iv6+xrLNX9FVvqH1KsX8Ys1lxsQspf7PjVxDs6SjGfwaLTB7jPkj8hS1zsTxeGvkuKWdZf3sZU37lI1i2fZ8wOUpWFKpBLnOyu1HX1byb9hfhGiPcbTk7800UFHN+0DLsUrype06af/brbVP7Ulq/abvDNtt5TcY4nhNGrF85283B+x6p+1FwuEZLRpNM0eJ5Jy3i+87vCLZzlzqU4dHN/ajoy8bHb3V/0NXhG1LK+KuMJ3rsar+hdx3EvtcY+862jcUq9ONWjUjUpzWsZQeqku1MrHGNilpUjKpg+JVKE0uFK4W/Fv6y0aXqZx9fCM7bP6srijK4o0E9ZVraXSUZfWXV9pIcLFf2W/2P0GCsslbVXjGIUcKxihClc1nu0q9L0Kkv1XF8m+p6tN9hZieq1OF6WpOllSADwAAAgEgCCQAAAAAAAAAAAAAAAAAAAAAAAAAAAAAAAAAAAAAAAAAAAAAAAAAAAAAAD5k9I6lG5m2oZjucSurKy0w6lSqypqMIfOtJtec3yfgloXm+J5RtbeFaVaNGCqy9KajxfizpjvWk6zGo/NMcJzHjtV1/IcSvpv8A3sqdSp/EzZ2mzPN13p/qmVFPrrVYR92uvuP0PurXXQk0ert2jRNFIWuxfH6rXlV5ZUI905Ta9W6l7zcWmxCmqileY5OceuNK2UX7XJ/AtgHOdpyz3NFf2uxvLNF61at9cd1Sskv4Ypm4obOMpWzTp4LRbX9pKdReyTaOnBynJeesq19tgGD2mnk2FWVFrrp28Iv3I2CiorRJJIkHjWQIJAAAAAAAAAAAAAAAAAAAAAAAAAAEBvQCQfLklzZE6sKcXKclGK4tt6AfYNTcZqy9ayca+OYfTkvoyuoJ+zU11ztHyjaenjVKf+FCVT7qZ6itp6QOnBw1fa9lSkvm691X7oW7X3tDW1ttuDJ6UcMv5/W3I/mZ7jDknsLKBUlxtwaX9XwLTsdS5/BRNfV22Y5LXocOsKa/bU5fmR7jZss9hdY1KEqbWc3Xkt23r21Nvqo26l97U+55h2nYhTTgsVlCXXRsd1P1xgj16W/eYhNV77y7SJVIxWspJLvZQ1PB9p1+/Sxrj1VbuVNeyUkT/RfnW/lrd0Yat+lcXUZfBsnArHW8Kuy5xzCbP/asTtKH+JXjH4s1dfP+VLfXex20lp/Zz6T7upWtvsVx6WnTX+H0l+zKcmv4UbO22HyXG6x1Pup234uX4Dh4Y62R0dztcynQbVO6r3D/ALu3kvvaGou9tuFwf9Twq6r/AOLONP4bx7W+xTAqct6vfX9XtSlCKf8ADr7zbW2yrKFBxk8MlVceupcVHr6tdPcP6ePMnNxF9trxao/6jhVpbrsrTlV+G6aieac/Zpc6VpUvZ05cHCyo7kV9qK19rLrtMr4BYyU7XBbCjOPKcbeO97dNTZ7i7BxsdfbRVQ5H2XYpbYxa4tjO7awtpqpToRkpTlJPVbzXBLXR9evcW+lotAScsmS2SdZAAHMAAAAAAAAAAAAAAAAAAAAAAAAAAAAAAAAAAAAAAAAAAAAAAAAAAAAAAAAAAAAAAAAAAAAAAAAAAAAAAAAAAAAAAAAAQRKcYpuTSS62B9A5bF9o+V8IlKFTEoV6seDp2y6R69mq4L1s5HENt9NOUcMwaU1p5tS5q7vH6sU/vHWuHJfpBqtZtLrI3l2lD19p2dMYl0dm4UZN+hZW283+9vP2Hx/o/tHzA15RTxKcJc/Ka/Rx/dk18Dp6aY91ohNV3XmOYTYS3bzE7S3fZVrxg/ezR3O0zKNq3GWMQqSXVSpzn70tPeV3Z7F8erz1vLyytovnuylUl7NEvebyy2IWUH/rDGbisuyhRjS+LkNzDXrbUZlxtrwKm2rewv6z6m4win/Fr7jT3O2+4lNq1wOnFdUqlw5e5RXxOos9keU7b9Lb3N0/764a+7um5tcjZXs2nRwOzbXXUpqo/bLUu9gjpEyqp6+2HNFxPcoQsqDfJQotv3yfwPGWatpGKL5qWJyi+Xk9np74x/EvOhh9papK3tqVFLqpwUfge+6hxqR0pCaKGeA7TMUh85HF6kX1Vbvc90pI+rfZJm28e9cK2t5Prr195/wqRfGg0J6q8dIiDRS9vsTxdy/rOK2dNdtKM5/FRNnQ2H0ODr49Vl3QtlH4yZaugPM7TlnuaK8obF8vU9HVu8Qqv/Egk/ZE2NDZRlGjo5YfVqv+8uJ/g0dmDxOXJPWVc7SyDlSitI4FZy/xKe/97U2Ntl/BrN622E2VH/Dt4R+CNgDxvTPcRGnCK0jFLwRO6uwEkEaDRIEgQSAAAAAAAAAAAAAAAAAAAAAAAAAAAAAAAAAAAAAAAAAAAAAAAAAAAAAAAAAAAAAAAAAAAAAAAAAAAAAAAAAAAAAAAAAAAAAAAAAAAIA1mYMessu4VVxC/m404cIpelOXVGK63/65FJ4rmjM+0LEnh9jTqqhJvds6D0io686kuvvb0XcjabZ8Qr1sx2mHuWlChbKpGPLzpSab9kV7yzcoZZsss4JRtbWMXUlFSr1kuNWenF69nZ3Gqu7ipF5jWZRwWCbFd6nGpjeJOMmuNG1S4eM5L4L1nZ4ds3yphrUqeE0q0+uVy3V19UtUvUjqBqcrZr26yujyt7S3tKMaNvRp0aceUKcVFL1I9VFLkNUeda4o29N1K9WFKC5ynJJL1s5dR6aA0V5nfLFlByrY5Y6J8VTqqo/ZHVmjvNr2VbZfM1bm7fZSoOP3909xjvPSB3RBVd5twto8LHBKtRvk69dQ9yT+JpLzbRj9Tha2Vjbp8m4ym169UvcdY2bLPYXeNSg5Zw2h4xHW2lfzg+TtLPh7Yx195MssbSMZppV6eJVabfK5vFFL7MpfgX02nutEJqvK7xKysYOd3d0LeP61Woor3mouM95WtlrPHrKX+FVVT7upVdtsazJWjvVa1jb681KpJy90dPebe12H1XFO7x2MX1xpW2vvcl8Bw8Mdbjqa+1nKVHVQvK9Zrqp28195I1dfbZgcG1b4ff1dP1lCK+8ybbYpgcP9oxG/q9u64QX3WbOjslylS037SvW0/XuZrX91of08eZVzlXbjSX6HAZy+vdJflZg1tt+It/M4NbQ+vVlL4JFhUNn2VLdaQwS3l/iJz+82ZUMn5bh6OAYatP8A6SH8i8TBH4pzVXLbVj/0cPw9LvhUf5yP6asw6/7Dhv8Ay6n+cuCngmFUP0WGWkPq0Ir8D1+TbH/g6H/Kj/InFxf2KpyO2vHU9Z4dh7Xcqi/MzYWu3CotFd4FF9rpXOnucfxLMrYBg9dNVsKsqqfPft4P8DX3ORMrXUNypgdnBPrpU+jftjoOLhnrVObR4Ztgy1eyjC58psZt6a1qe9H2x19+h2lliFriNtG5srmlcUZ+jUpTUov1o4LFtjOB3MG8NubixqdSculh60+PvOWwTKOdcqZvtqVpRnKhUqR6atSlrQqU9Vvb2vLRa8Hx15CaYrRrSdP2c13EnzH0UfRmUAAAAAAAAAAAAAAAAAAAAAAAAAAAAAAAAAAAAAAAAAAAAAAAAAAAAAAAAAAAAAAAAAAAAAAAAAAAAAAAAAAAAAAAAAAAAAAAAAAFbbWMnXOM0qWMYdRdW5tqfR1aUU3KdPVtOK7U2+HN693Hlct7WsSwLD6eHX1lG/hQShTm6nRzil1N6PXT1F5NJ80ajEcpYBi1V1b7CLWtUb1dTo0pPxktGzRTLXd3LxrArK623YhOGlpg1vRl21a0qi9yiaqptSzliPmWs6VOT6rW13n/ABbxcNrlDLlmkqGB2EdOTdvGT9rWptadGnRgoUqcYRX0YxSReLijpRFDJbTccjxeMuL73Qi/uo+6OyrOGIvpLlUKUn13VzvN/uqRfG6lyROg9Vb8YiBUFpsQu5wUr3HKVOXXGjQc17W4/A3dpsXwClFO5u724kufnxhF+pLX3liEnidoyT3Vy1ps2ylaJbuDUqjXXWnKpr6pNo3drgmFWKStMOtbdL+yoxj8EZwOc2tPWR87qJ0JB5EAkAAAAAAAAAAAAI04kgAAAAAAAAAAAAAAAAAAAAAAAAAAAAAAAAAAAAAAAAAAAAAAAAAAAAAAAAAAAAAAAAAAAAAAAAAAAAAAAAAAAAAAAAAAAAAAAAAAAAAAAAAAAAAAAAAAAAAAAAAAAAAAAAAAAAAAAAAAAAAAAAAAAAAAAAAAAAAAAAAAAAAAAAAAAAAAAAAAAAAAAAAAAAAAAAAAAAAAAAAAAAAAAAAAAAAAAAAAAAAAAAAAAAAAAAAAAAAAAAAAAAAAAAAAAAAAAAAAAAAAAAAAAAAAAAAAAAAAAAAAAAAAAAAAAAAAAAAAAAAAAAAAAAAAAAAAAAAAAAAAAAAAAAAAAAAAAAAAAAAAAAAAAAAAAAAAAAAAAAAAAAAAAAAAAAAAAAAAAAAAAAAAAAAAAAAAAAAAAAAAAAAAAAAAAAAAAAAAAAAAAAAAAAAAAAAAAAAAAAAAAAAAAAAAAAAAAAAAAAAAAAAAAAAAAAAAAAAAAAAAAAAAAAAAAAAAAAAAAAAAAAAAAAAAAAAAAAAAAAAAAAAAAAAAAAAAAAAAAAAAAAAAAAAAAAAAAAAAAAAAAAAAAAAAAAAAAAAAAAAAAAAAAAAAAAAAAAAAAAAAAAAAAAAAAAAAAAAAAAAAAAAAAAAAAAAAAAAAAAAAAAAAAAAAAAAAAAAAAAAAAAAAAAAAAAAAAAAAAAAAAAAAAAAAAAAAAAAAAAAAAAAAAAAAAAAAAP/Z', 0);
INSERT INTO Users( user_id, Matricule, Name, Email, position, Department, superior_id, superior_name, Status, Signature, user_type ) VALUES ( '2b6877d3-09d9-42cb-9f06-ecd63048bff5', '00397', 'Oeliarisoa Nomenjanahary ANDRIAMASOANDRO (DCM)', 'oeliarisoa.andriamasoandro@ravinala-airports.aero', 'Cheffe de Département Immobilier', 'DCM', 'b2b5434a-736d-4d06-bfd7-16e54a7c7c71', 'Zoelisoa RAJOHNSON (DCM)', null, null, null);
INSERT INTO Users( user_id, Matricule, Name, Email, position, Department, superior_id, superior_name, Status, Signature, user_type ) VALUES ( '2e74c3c9-3154-473b-a102-b02b3b48a9bd', 'enqueteur.tnr', 'Enquêteur TNR', 'enqueteur.tnr@ravinala-airports.aero', '', '', null, null, null, null, null);
INSERT INTO Users( user_id, Matricule, Name, Email, position, Department, superior_id, superior_name, Status, Signature, user_type ) VALUES ( '2e85cd75-153a-427f-98cd-3aca60cd8ea4', '00179', 'Johanna Marie RAVOLOLONIRINA (DOP)', 'johanna.ravololonirina@ravinala-airports.aero', 'Assistante Administrative et Financière', 'DOP', '0b27a9f1-3add-4181-847a-cc2dc8bcfa29', 'Tefy Antonio Patrick RAJAONAH (DOP)', null, null, null);
INSERT INTO Users( user_id, Matricule, Name, Email, position, Department, superior_id, superior_name, Status, Signature, user_type ) VALUES ( '2e9e4b86-dcc7-4220-a672-1068ca110335', 'AG006', 'Johary Gabriel RAZAFINDRATSIMBA (DOP)', 'johary.razafindratsimba@ravinala-airports.aero', 'Agent d’accueil', 'DOP', 'f904830e-8cf9-41ae-8520-66ec41ce7b31', 'RAZALINE (DOP)', null, null, null);
INSERT INTO Users( user_id, Matricule, Name, Email, position, Department, superior_id, superior_name, Status, Signature, user_type ) VALUES ( '2ea90eff-79d1-4dfe-b85b-4cd387416fd0', '00065', 'Henri RANDRIAMAMORY (DAF)', 'henri.randriamamory@ravinala-airports.aero', 'Assistant Achat', 'DAF', '68c559ab-6caf-4807-ba94-765716f6d5ec', 'Fetra RAZANAMPARANY (DAF)', null, null, null);
INSERT INTO Users( user_id, Matricule, Name, Email, position, Department, superior_id, superior_name, Status, Signature, user_type ) VALUES ( '2ebf3db8-c5e1-41bc-857e-88ca3075d071', '00155', 'Mamie MARIARISOA (DOP)', 'mamie.mariarisoa@ravinala-airports.aero', 'Conducteur de Passerelle', 'DOP', 'a751c8ff-f95b-431e-b7a6-6002628b379b', 'Maminiaina RAZAKAMANANTSOA (DOP)', null, null, null);
INSERT INTO Users( user_id, Matricule, Name, Email, position, Department, superior_id, superior_name, Status, Signature, user_type ) VALUES ( '2f6cf505-d9d4-4ea9-a6e6-91384914016d', '00349', 'Aina Mahaitia Elia Michel TRION (DSI)', 'michel.trion@ravinala-airports.aero', 'Technicien AOS & IT', 'DSI', 'ecead56b-8c32-4a01-bafd-4a05e135949f', 'Nathalie Doriane RALAIARIMALALA (DSI)', null, null, null);
INSERT INTO Users( user_id, Matricule, Name, Email, position, Department, superior_id, superior_name, Status, Signature, user_type ) VALUES ( '30f2fa8a-f859-43c4-a06b-e9317c76c367', '00100', 'Rabemanantsoa Caroline RAMILIJAONA (DOP)', 'caroline.ramilijaona@ravinala-airports.aero', 'Responsable d''Exploitation de Permanence', 'DOP', '6f76bda1-28b9-4666-8c7e-56d176dea46c', 'Miary RASAMOELY (DOP)', null, null, null);
INSERT INTO Users( user_id, Matricule, Name, Email, position, Department, superior_id, superior_name, Status, Signature, user_type ) VALUES ( '3146d5ce-0db2-4f3c-9d53-628a34d541a9', '00217', 'Andriamanamisata RAZAFINDRALAMBO (DSI)', 'misa.razafindralambo@ravinala-airports.aero', 'Responsable Production IT', 'DSI', '83dc05fd-0e42-43f5-b0e0-1567df7647b1', 'Vonjimampianina RAKOTOARISOA (DSI)', null, null, 0);
INSERT INTO Users( user_id, Matricule, Name, Email, position, Department, superior_id, superior_name, Status, Signature, user_type ) VALUES ( '31c4dcc3-be87-4b45-a64d-ebdaa179a37b', '00241', 'Haja RANDRIAMIARANTSOA (DAF)', 'haja.randriamiarantsoa@ravinala-airports.aero', 'Comptable Trésorerie Senior', 'DAF', '83d28c24-2d52-408c-94fd-c04d9dc4bc5e', 'Joël TADZONG (DAF)', null, null, null);
INSERT INTO Users( user_id, Matricule, Name, Email, position, Department, superior_id, superior_name, Status, Signature, user_type ) VALUES ( '32f764e4-56f0-44fd-8e34-5fb94f294655', '00379', 'Malalatina Jocelyne RAZANAJATOVO', 'malalatina.razanajatovo@ravinala-airports.aero', 'Agent d’accueil', 'DOP', 'c80dd00d-654a-4876-ba0f-bc097cb45d7c', 'Natacha Hariniaina ANDRIANARISON (DOP)', null, null, null);
INSERT INTO Users( user_id, Matricule, Name, Email, position, Department, superior_id, superior_name, Status, Signature, user_type ) VALUES ( '361162cc-9d51-4879-944e-72e9b502199d', '00139', 'Armand ANDOLALA (DT)', 'armand.andolala@ravinala-airports.aero', 'Technicien électricité', 'DT', '98e1d5e0-961d-4e91-8f80-abf595ba01f2', 'Naly Nantenaina RAMANOELINA (DT)', null, null, null);
INSERT INTO Users( user_id, Matricule, Name, Email, position, Department, superior_id, superior_name, Status, Signature, user_type ) VALUES ( '362ce398-3d41-4883-8912-c876ffd2d2aa', '00359', 'Niaina Hasina ANDRIANASOLO (DOP)', 'niaina.andrianasolo@ravinala-airports.aero', 'Agent de piste', 'DOP', '5137249d-9e50-48f2-b598-19d2ba48e41f', 'Nirina Marius RAZAFIMAHATRATRA (DOP)', null, null, null);
INSERT INTO Users( user_id, Matricule, Name, Email, position, Department, superior_id, superior_name, Status, Signature, user_type ) VALUES ( '387e70b3-c4de-4fc0-b6ab-ce7e6564e833', '00057', 'Honoré Jules ANDRIANJANAHARY (DOP)', 'honore.andrianjanahary@ravinala-airports.aero', 'Chef de Section Aires et Voiries', 'DOP', 'a751c8ff-f95b-431e-b7a6-6002628b379b', 'Maminiaina RAZAKAMANANTSOA (DOP)', null, null, null);
INSERT INTO Users( user_id, Matricule, Name, Email, position, Department, superior_id, superior_name, Status, Signature, user_type ) VALUES ( '3a60fbce-8356-4415-bbad-82e9280fe08a', '00348', 'Andrianina Luc RAKOTOMANDIMBY (DOP)', 'luc.rakotomandimby@ravinala-airports.aero', 'Chef de Département Méthode', 'DOP', '814543aa-3dff-4ab9-a822-15fac34e3ba1', 'Caroline PETIT (DOP)', null, null, null);
INSERT INTO Users( user_id, Matricule, Name, Email, position, Department, superior_id, superior_name, Status, Signature, user_type ) VALUES ( '3c65483d-41e4-4446-bac2-9c40e705d59a', '00452', 'Riana RATINARILALA (DSI)', 'riana.ratinarilala@ravinala-airports.aero', 'Technicien AOS & IT', 'DSI', 'ecead56b-8c32-4a01-bafd-4a05e135949f', 'Nathalie Doriane RALAIARIMALALA (DSI)', null, null, null);
INSERT INTO Users( user_id, Matricule, Name, Email, position, Department, superior_id, superior_name, Status, Signature, user_type ) VALUES ( '3d57bc0b-fd63-493d-a558-555755e93f33', '00373', 'Koloina Fiona RAVELOMANANTSOA (DT)', 'Fiona.RAVELOMANANTSOA@ravinala-airports.aero', 'Assistante Maintenance', 'DT', '00b58219-2f52-470d-b48f-383c8fd9ba23', 'Andry Lova Tiana RAJERISON RASAONA (DT)', null, null, null);
INSERT INTO Users( user_id, Matricule, Name, Email, position, Department, superior_id, superior_name, Status, Signature, user_type ) VALUES ( '409cd9a0-3b88-4852-b991-ad62edd52866', '00181', 'Josie RABESON (DJA)', 'josie.rabeson@ravinala-airports.aero', 'Cheffe de Département Juridique et Compliance', 'DJA', '8877fae2-664d-4870-a5db-657f02c451c8', 'Tahiana RAKOTONDRASOA (DJA)', null, null, null);
INSERT INTO Users( user_id, Matricule, Name, Email, position, Department, superior_id, superior_name, Status, Signature, user_type ) VALUES ( '4167a6e9-83b5-424e-8720-ac6b0843960d', '00412', 'Kevin RAFANOMEZANTSOA (DOP)', 'kevin.rafanomezantsoa@ravinala-airports.aero', 'Agent d''accueil', 'DOP', '6f76bda1-28b9-4666-8c7e-56d176dea46c', 'Miary RASAMOELY (DOP)', null, null, null);
INSERT INTO Users( user_id, Matricule, Name, Email, position, Department, superior_id, superior_name, Status, Signature, user_type ) VALUES ( '4187d53c-aba6-4422-a42e-e81f5d8ef05f', '00340', 'Ginot Franck ANDRIAMORASATA (DT)', 'ginot.andriamorasata@ravinala-airports.aero', 'Agent Polyvalent Maintenance', 'DT', '00b58219-2f52-470d-b48f-383c8fd9ba23', 'Andry Lova Tiana RAJERISON RASAONA (DT)', null, null, null);
INSERT INTO Users( user_id, Matricule, Name, Email, position, Department, superior_id, superior_name, Status, Signature, user_type ) VALUES ( '4209d0b2-681a-47b0-81b5-bcb5f20579e1', '00396', 'Ralph Antony ANDRIAMAMONJY (DOP)', 'ralph.andriamamonjy@ravinala-airports.aero', 'Agent d’accueil', 'DOP', '4c8cfbd5-435e-423b-bdf8-78d95000899e', 'Mamitiana RABARIJAONA (DOP)', null, null, null);
INSERT INTO Users( user_id, Matricule, Name, Email, position, Department, superior_id, superior_name, Status, Signature, user_type ) VALUES ( '43714c68-466d-43e1-ba0a-b5dc6e8ede38', '00274', 'Rija Masinjaka RAKOTONIRAINY (DT)', 'rija.rakotonirainy@ravinala-airports.aero', 'Responsable Travaux', 'DT', '795790a4-02f8-4c36-a80e-eb66eb184097', 'Natolotra RAJOELINA (DT)', null, null, null);
INSERT INTO Users( user_id, Matricule, Name, Email, position, Department, superior_id, superior_name, Status, Signature, user_type ) VALUES ( '44936be4-0642-4e5b-96c9-02301b339573', '00455', 'Rianala RAFALIMANANA (DCM)', 'rianala.rafalimanana@ravinala-airports.aero', 'Assistante administrative et commerciale', 'DCM', 'b2b5434a-736d-4d06-bfd7-16e54a7c7c71', 'Zoelisoa RAJOHNSON (DCM)', null, null, null);
INSERT INTO Users( user_id, Matricule, Name, Email, position, Department, superior_id, superior_name, Status, Signature, user_type ) VALUES ( '44e428dd-85bf-45a2-8af8-929e2487b4bc', '00161', 'Sambatra RAKOTOARISOA (DOP)', 'sambatra.rakotoarisoa@ravinala-airports.aero', 'Responsable Planification et SGS', 'DOP', '814543aa-3dff-4ab9-a822-15fac34e3ba1', 'Caroline PETIT (DOP)', null, null, null);
INSERT INTO Users( user_id, Matricule, Name, Email, position, Department, superior_id, superior_name, Status, Signature, user_type ) VALUES ( '45c6f806-01a8-485b-b7d0-e92a0caf0a55', '00456', 'Lala Tiana RAMALANJAONA (DGE)', 'lalatiana.ramalanjaona@ravinala-airports.aero', 'Responsable Communication Corporate et Marque Employeur', 'DGE', '528ab1c6-721e-4c57-bbb6-abe275754263', 'Sandrine RAHANTAMALALA (DGE)', null, null, null);
INSERT INTO Users( user_id, Matricule, Name, Email, position, Department, superior_id, superior_name, Status, Signature, user_type ) VALUES ( '4643e977-e66c-4de2-9f0c-de6795aca3a8', '00322', 'Fandresena Vatosoa Anouëla ANDRIANIAINA (DOP)', 'anouela.andrianiaina@ravinala-airports.aero', 'Agent d’accueil', 'DOP', '30f2fa8a-f859-43c4-a06b-e9317c76c367', 'Rabemanantsoa Caroline RAMILIJAONA (DOP)', null, null, null);
INSERT INTO Users( user_id, Matricule, Name, Email, position, Department, superior_id, superior_name, Status, Signature, user_type ) VALUES ( '46cf18b7-479c-43f6-8846-3558b62e63d8', '00125', 'Nofy HARISOA (DOP)', 'nofy.harisoa@ravinala-airports.aero', 'Caissière Parking', 'DOP', '20fff662-51ee-4fc4-99ae-dc7a9c361cbd', 'Fanjanirina RAFANILONIAINA (DOP)', null, null, null);
INSERT INTO Users( user_id, Matricule, Name, Email, position, Department, superior_id, superior_name, Status, Signature, user_type ) VALUES ( '471fa3cf-7275-4e38-ad3d-e4a756b21aff', '00206', 'Ianjanirina RABETOKOTANY  (DOP)', 'ianjanirina.rabetokotany@ravinala-airports.aero', 'Chargée en Système de Gestion de la Sécurité', 'DOP', '44e428dd-85bf-45a2-8af8-929e2487b4bc', 'Sambatra RAKOTOARISOA (DOP)', null, null, null);
INSERT INTO Users( user_id, Matricule, Name, Email, position, Department, superior_id, superior_name, Status, Signature, user_type ) VALUES ( '476ed4c5-385c-4661-b972-18c592b10cc6', '00256', 'Laingo RAHAJATAFITASOA (DOP)', 'laingo.rahajatafitasoa@ravinala-airports.aero', 'Agent d’accueil', 'DOP', 'a751c8ff-f95b-431e-b7a6-6002628b379b', 'Maminiaina RAZAKAMANANTSOA (DOP)', null, null, null);
INSERT INTO Users( user_id, Matricule, Name, Email, position, Department, superior_id, superior_name, Status, Signature, user_type ) VALUES ( '4898289a-b951-47fd-95c1-ce96020c8bb2', '00075', 'Yvon Frederson SOLOMAMY (DOP)', 'yvon.solomamy@ravinala-airports.aero', 'Conducteur de Passerelle', 'DOP', 'f904830e-8cf9-41ae-8520-66ec41ce7b31', 'RAZALINE (DOP)', null, null, null);
INSERT INTO Users( user_id, Matricule, Name, Email, position, Department, superior_id, superior_name, Status, Signature, user_type ) VALUES ( '498d0893-9691-45f0-a47e-560ba2f37c9d', '00169', 'A. Tahina RAHARISON (DOP)', 'tahina.raharison@ravinala-airports.aero', 'Chef superviseur parking', 'DOP', '20fff662-51ee-4fc4-99ae-dc7a9c361cbd', 'Fanjanirina RAFANILONIAINA (DOP)', null, null, null);
INSERT INTO Users( user_id, Matricule, Name, Email, position, Department, superior_id, superior_name, Status, Signature, user_type ) VALUES ( '4a1c6b67-79fc-4ada-bec2-e9bf4daf2309', '00150', 'François ZARATOMBO (DOP)', 'francois.zaratombo@ravinala-airports.aero', 'Agent de piste', 'DOP', '0b27a9f1-3add-4181-847a-cc2dc8bcfa29', 'Tefy Antonio Patrick RAJAONAH (DOP)', null, null, null);
INSERT INTO Users( user_id, Matricule, Name, Email, position, Department, superior_id, superior_name, Status, Signature, user_type ) VALUES ( '4ac9142f-4992-41f5-b524-72cd4cf1b367', '00252', 'Herisoa Josianne RANDRIAMANANTENA (DOP)', 'josiane.randriamanantena@ravinala-airports.aero', 'Agent d’accueil', 'DOP', 'a751c8ff-f95b-431e-b7a6-6002628b379b', 'Maminiaina RAZAKAMANANTSOA (DOP)', null, null, null);
INSERT INTO Users( user_id, Matricule, Name, Email, position, Department, superior_id, superior_name, Status, Signature, user_type ) VALUES ( '4b7095c4-aff2-4ee9-94bc-d280720f8d12', 'ST145', 'Hardy RAVELOMANANTSOA (DSI)', 'hardy.ravelomanantsoa@ravinala-airports.aero', 'Stagiaire Support DSI', 'DSI', 'ecead56b-8c32-4a01-bafd-4a05e135949f', 'Nathalie Doriane RALAIARIMALALA (DSI)', null, null, null);
INSERT INTO Users( user_id, Matricule, Name, Email, position, Department, superior_id, superior_name, Status, Signature, user_type ) VALUES ( '4c8cfbd5-435e-423b-bdf8-78d95000899e', '00052', 'Mamitiana RABARIJAONA (DOP)', 'mamitiana.rabarijaona@ravinala-airports.aero', 'Responsable d''Exploitation de Permanence', 'DOP', '6f76bda1-28b9-4666-8c7e-56d176dea46c', 'Miary RASAMOELY (DOP)', null, null, null);
INSERT INTO Users( user_id, Matricule, Name, Email, position, Department, superior_id, superior_name, Status, Signature, user_type ) VALUES ( '4cfbcb7f-58b2-497a-8e15-bc6e3fb221ad', '00299', 'Tovondrainy Herimandimby RAKOTONIRINA (DAF)', 'tovo.rakotonirina@ravinala-airports.aero', 'Comptable Immobilisation et Taxes', 'DAF', '7a1865b2-fae2-41f0-b045-1db2c4d80727', 'Herimboahary Dinarisoa ANDRIANTOLOTIANA RAVONIRINA (DAF)', null, null, null);
INSERT INTO Users( user_id, Matricule, Name, Email, position, Department, superior_id, superior_name, Status, Signature, user_type ) VALUES ( '4d75896f-9bd9-414b-9420-b6f09182956b', '00392', 'Rado Andriniaina RAJAONARIVONY (DSI)', 'rado.rajaonarivony@ravinala-airports.aero', 'Responsable Sécurité des Systèmes d’Information', 'DSI', 'c894ab8a-7e91-41c9-8102-5eef8d8e99a0', 'Dominique RAKOTOMAMONJY (DSI)', null, null, 0);
INSERT INTO Users( user_id, Matricule, Name, Email, position, Department, superior_id, superior_name, Status, Signature, user_type ) VALUES ( '4d9e6193-aae9-44f4-8bc3-0e1c63419aca', '00434', 'Paul Ferdinah MAHEFA (DOP)', 'paul.mahefa@ravinala-airports.aero', 'Electromécanicien', 'DOP', 'e92c87f7-7a42-41f2-afaf-ac83782dc47f', 'Tojotahina ANDRIANASOA (DOP)', null, null, null);
INSERT INTO Users( user_id, Matricule, Name, Email, position, Department, superior_id, superior_name, Status, Signature, user_type ) VALUES ( '4da7e3fb-064a-48fc-8d03-6fd8a8b5990c', '00225', 'Faliniaina Christian RALISON (DOP)', 'christian.ralison@ravinala-airports.aero', 'Chef superviseur contrôle fret (finance)', 'DOP', '20fff662-51ee-4fc4-99ae-dc7a9c361cbd', 'Fanjanirina RAFANILONIAINA (DOP)', null, null, null);
INSERT INTO Users( user_id, Matricule, Name, Email, position, Department, superior_id, superior_name, Status, Signature, user_type ) VALUES ( '4ddd81c5-24d2-4fea-8860-1a32de88bb76', '00204', 'Iharimbinintsoa RAJAONARIVELO (DOP)', 'iharimbinintsoa.rajaonarivelo@ravinala-airports.aero', 'Caissier parking', 'DOP', '20fff662-51ee-4fc4-99ae-dc7a9c361cbd', 'Fanjanirina RAFANILONIAINA (DOP)', null, null, null);
INSERT INTO Users( user_id, Matricule, Name, Email, position, Department, superior_id, superior_name, Status, Signature, user_type ) VALUES ( '4df8f525-06af-4ba4-829a-5305fe8f5b8c', '00325', 'Famenontsoa Sandra RAKOTOFIRINGA (DOP)', 'sandra.rakotofiringa@ravinala-airports.aero', 'Agent SLOT/COORDO Polyvalent AOCC', 'DOP', null, null, null, null, null);
INSERT INTO Users( user_id, Matricule, Name, Email, position, Department, superior_id, superior_name, Status, Signature, user_type ) VALUES ( '4e0ee182-373c-4f26-8bb3-8c2e1452b718', '00366', 'Joël SOLOHERINJATOVO (DQRSE)', 'joel.soloherinjatovo@ravinala-airports.aero', 'Correspondant Qualité et RSE', 'DQRSE', '0cb6e51a-302f-4d79-8a9c-0fbcd0ea62da', 'Felana RATSIMBAZAFY (DQRSE)', null, null, null);
INSERT INTO Users( user_id, Matricule, Name, Email, position, Department, superior_id, superior_name, Status, Signature, user_type ) VALUES ( '502bad9e-bf96-424b-a751-26de5264833d', '00327', 'Jessica Santatriniaina ROSS (DOP)', 'jessica.ross@ravinala-airports.aero', 'Agente Slot AOCC', 'DOP', '30f2fa8a-f859-43c4-a06b-e9317c76c367', 'Rabemanantsoa Caroline RAMILIJAONA (DOP)', null, null, null);
INSERT INTO Users( user_id, Matricule, Name, Email, position, Department, superior_id, superior_name, Status, Signature, user_type ) VALUES ( '5137249d-9e50-48f2-b598-19d2ba48e41f', '00226', 'Nirina Marius RAZAFIMAHATRATRA (DOP)', 'marius.razafimahatratra@ravinala-airports.aero', 'Chef de Département Airside', 'DOP', '814543aa-3dff-4ab9-a822-15fac34e3ba1', 'Caroline PETIT (DOP)', null, null, null);
INSERT INTO Users( user_id, Matricule, Name, Email, position, Department, superior_id, superior_name, Status, Signature, user_type ) VALUES ( '51b01704-4d96-4a5f-9b73-318335f55e4a', '00124', 'Razanamalala Muriel LI SUO TSAN  (DRH)', 'murielle.razanamalala@ravinala-airports.aero', 'Secrétaire', 'DRH', 'd054c552-5c38-41d2-ae50-13805364fb99', 'Tanjona RIVONIRINA (DRH)', null, null, null);
INSERT INTO Users( user_id, Matricule, Name, Email, position, Department, superior_id, superior_name, Status, Signature, user_type ) VALUES ( '528ab1c6-721e-4c57-bbb6-abe275754263', '00177', 'Sandrine RAHANTAMALALA (DGE)', 'sandrine.rahantamalala@ravinala-airports.aero', 'Cheffe de Département Communication et Relations Publiques', 'DGE', 'ec738732-6e94-4288-be4a-c098408d199d', 'Daniel LEFEBVRE (DGE)', null, null, null);
INSERT INTO Users( user_id, Matricule, Name, Email, position, Department, superior_id, superior_name, Status, Signature, user_type ) VALUES ( '534dccca-14c9-4f41-beb9-ec7d88da7f86', '00244', 'Nomena RAVELOJAON (DQRSE)', 'nomena.ravelojaon@ravinala-airports.aero', 'Responsable RSE', 'DQRSE', '0cb6e51a-302f-4d79-8a9c-0fbcd0ea62da', 'Felana RATSIMBAZAFY (DQRSE)', null, null, null);
INSERT INTO Users( user_id, Matricule, Name, Email, position, Department, superior_id, superior_name, Status, Signature, user_type ) VALUES ( '569f2fe1-d7e9-44ed-b4c0-724725d4cfad', 'ST141', 'ST141', 'tojosombiniaina.voavolankifaliana@ravinala-airports.aero', 'Stagiaire DRH', '', 'd054c552-5c38-41d2-ae50-13805364fb99', 'Tanjona RIVONIRINA (DRH)', null, null, null);
INSERT INTO Users( user_id, Matricule, Name, Email, position, Department, superior_id, superior_name, Status, Signature, user_type ) VALUES ( '56f88579-c852-4c10-b151-7ebd3111d36b', '00243', 'Noroseheno RAHERINOMENA  (DAF)', 'noroseheno.raherinomena@ravinala-airports.aero', 'Chargé(e) Trésorerie', 'DAF', '31c4dcc3-be87-4b45-a64d-ebdaa179a37b', 'Haja RANDRIAMIARANTSOA (DAF)', null, null, null);
INSERT INTO Users( user_id, Matricule, Name, Email, position, Department, superior_id, superior_name, Status, Signature, user_type ) VALUES ( '5758f3c9-1eea-46a3-b7c3-46c7c973ddaf', '00385', 'Zo Ndriantsoa RAMANITRA (DOP)', 'zo.ramanitra@ravinala-airports.aero', 'Technicien GMAO', 'DOP', '3a60fbce-8356-4415-bbad-82e9280fe08a', 'Andrianina Luc RAKOTOMANDIMBY (DOP)', null, null, null);
INSERT INTO Users( user_id, Matricule, Name, Email, position, Department, superior_id, superior_name, Status, Signature, user_type ) VALUES ( '5ce6ccff-2299-4efd-8a85-e5b2952fdb3f', 'ST163', 'Mittérand Gatien RAZAFINDRATSITO (DSI)', 'mitterand.razafindratsito@ravinala-airports.aero', 'Stagiaire DSI', 'DSI', 'ba5d519e-3b23-4201-a6a6-1d3760f6b214', 'Damien ANDRIATSILAVINA (DSI)', null, null, null);
INSERT INTO Users( user_id, Matricule, Name, Email, position, Department, superior_id, superior_name, Status, Signature, user_type ) VALUES ( '5e9e5715-8350-48c1-8a59-59f66e882f1e', '00284', 'Elie jean Roger RAZAFIMAMONJY (DSI)', 'roger.razafimamonjy@ravinala-airports.aero', 'Technicien AOS & IT', 'DSI', 'ecead56b-8c32-4a01-bafd-4a05e135949f', 'Nathalie Doriane RALAIARIMALALA (DSI)', null, null, null);
INSERT INTO Users( user_id, Matricule, Name, Email, position, Department, superior_id, superior_name, Status, Signature, user_type ) VALUES ( '5f0151c4-c2f9-47f0-9fba-3ef1432f9723', '00330', 'Linda Lai FIDIMANANTSOA (DAF)', 'linda.fidimanantsoa@ravinala-airports.aero', 'Contrôleuse Financière Junior', 'DAF', '05ae1fb5-5671-4b93-b1f8-df82ae855300', 'Dina Mickaël RAJOHNSON (DAF)', null, null, null);
INSERT INTO Users( user_id, Matricule, Name, Email, position, Department, superior_id, superior_name, Status, Signature, user_type ) VALUES ( '6235ff1c-3960-4b09-9125-a4da5798ace0', '00433', 'Nandrianina MAMITIANA (DOP)', 'nandrianina.mamitiana@ravinala-airports.aero', 'Electromécanicien', 'DOP', 'e92c87f7-7a42-41f2-afaf-ac83782dc47f', 'Tojotahina ANDRIANASOA (DOP)', null, null, null);
INSERT INTO Users( user_id, Matricule, Name, Email, position, Department, superior_id, superior_name, Status, Signature, user_type ) VALUES ( '6290aafd-c4b8-47c4-9d7a-fad2ef46db31', '00339', 'François Manantsoa RANDRIANIRINA (DRH)', 'manantsoa.randrianirina@ravinala-airports.aero', 'Responsable Paie', 'DRH', '76c25f37-2089-4e81-8329-1b63d880b71a', 'Herinomenjanaharilala Sedera RASOLOFONDRAMANAMBE (DRH)', null, null, null);
INSERT INTO Users( user_id, Matricule, Name, Email, position, Department, superior_id, superior_name, Status, Signature, user_type ) VALUES ( '62ab0ec4-4341-468b-9554-7867ae9107ef', 'ST162', 'Aina RAHARIVAO (DCM)', 'aina.raharivao@ravinala-airports.aero', 'STAGIAIRE POLE TOURISME', '', '199508e0-00c8-48ba-8113-5abe8f024922', 'Mirana RASOLOARIZAFY (DCM)', null, null, null);
INSERT INTO Users( user_id, Matricule, Name, Email, position, Department, superior_id, superior_name, Status, Signature, user_type ) VALUES ( '64279296-343d-49cb-9825-6829342e938a', '00018', 'Fanja Lalaina RABIAZAMAHOLY (DOP)', 'fanja.rabiazamaholy@ravinala-airports.aero', 'Coordinatrice Terminal AOCC', 'DOP', '6f76bda1-28b9-4666-8c7e-56d176dea46c', 'Miary RASAMOELY (DOP)', null, null, null);
INSERT INTO Users( user_id, Matricule, Name, Email, position, Department, superior_id, superior_name, Status, Signature, user_type ) VALUES ( '653575d0-9498-4752-9b6c-5bf956217413', 'AG003', 'Jean Marie Haja RAKOTOMALALA (DOP)', 'haja.rakotomalala@ravinala-airports.aero', 'Agent d’accueil', 'DOP', 'f904830e-8cf9-41ae-8520-66ec41ce7b31', 'RAZALINE (DOP)', null, null, null);
INSERT INTO Users( user_id, Matricule, Name, Email, position, Department, superior_id, superior_name, Status, Signature, user_type ) VALUES ( '655b83fe-ff93-47e5-a907-902dc99e95c2', 'ST143', 'Domoinaniaina Ratsilefitra RATSIRANTO (DJA)', 'domoinaniaina.ratsiranto@ravinala-airports.aero', 'Stagiaire DJA', 'DJA', '409cd9a0-3b88-4852-b991-ad62edd52866', 'Josie RABESON (DJA)', null, null, null);
INSERT INTO Users( user_id, Matricule, Name, Email, position, Department, superior_id, superior_name, Status, Signature, user_type ) VALUES ( '65cfe15a-10d7-470d-be1c-0e9ee7a01c37', 'ST149', 'Lucien Paul RAHANETRA RAINIMBELO (COM)', 'lucien.rahanetra@ravinala-airports.aero', 'Stagiaire COM', 'DGE', null, null, null, null, null);
INSERT INTO Users( user_id, Matricule, Name, Email, position, Department, superior_id, superior_name, Status, Signature, user_type ) VALUES ( '68c559ab-6caf-4807-ba94-765716f6d5ec', '00401', 'Fetra RAZANAMPARANY (DAF)', 'fetra.razanamparany@ravinala-airports.aero', 'Chef de Service Achats', 'DAF', '11715a63-e237-46b3-b568-ffa6fc087000', 'Romain PIERRU (DAF)', null, null, null);
INSERT INTO Users( user_id, Matricule, Name, Email, position, Department, superior_id, superior_name, Status, Signature, user_type ) VALUES ( '6b00dea0-19bf-49ed-93b6-46c9b63b5446', '00328', 'Toany MEVA SOLO  (DOP)', 'toany.meva@ravinala-airports.aero', 'Agent d’accueil', 'DOP', 'f904830e-8cf9-41ae-8520-66ec41ce7b31', 'RAZALINE (DOP)', null, null, null);
INSERT INTO Users( user_id, Matricule, Name, Email, position, Department, superior_id, superior_name, Status, Signature, user_type ) VALUES ( '6b019558-5702-406e-8482-7386a7fab141', '00205', 'Zo Tokiniaina RANDRIANARIVONY (DOP)', 'zo.randrianarivony@ravinala-airports.aero', 'Agente Slot AOCC', 'DOP', '4c8cfbd5-435e-423b-bdf8-78d95000899e', 'Mamitiana RABARIJAONA (DOP)', null, null, null);
INSERT INTO Users( user_id, Matricule, Name, Email, position, Department, superior_id, superior_name, Status, Signature, user_type ) VALUES ( '6b34fc91-cfda-4e71-bf4c-ead99ff2c250', '00387', 'Sariaka RALAMBOMIHAJA (DQRSE)', 'sariaka.ralambomihaja@ravinala-airports.aero', 'Responsable Environnement', 'DQRSE', '0cb6e51a-302f-4d79-8a9c-0fbcd0ea62da', 'Felana RATSIMBAZAFY (DQRSE)', null, null, null);
INSERT INTO Users( user_id, Matricule, Name, Email, position, Department, superior_id, superior_name, Status, Signature, user_type ) VALUES ( '6c26245f-e990-4621-a0a7-0acbf0cea159', '00059', 'Christophe VELONKASINA (DOP)', 'christophe.velonkasina@ravinala-airports.aero', 'Contrôleur de fonctionnement des installations', 'DOP', '0b27a9f1-3add-4181-847a-cc2dc8bcfa29', 'Tefy Antonio Patrick RAJAONAH (DOP)', null, null, null);
INSERT INTO Users( user_id, Matricule, Name, Email, position, Department, superior_id, superior_name, Status, Signature, user_type ) VALUES ( '6cbbbc4d-5248-443e-a81f-2e86ac3a90f2', '00315', 'Henintsoa Fitiavana ANDRIANARIMANANA (DSI)', 'henintsoa.andrianarimanana@ravinala-airports.aero', 'Technicien AOS & IT', 'DSI', 'ecead56b-8c32-4a01-bafd-4a05e135949f', 'Nathalie Doriane RALAIARIMALALA (DSI)', null, null, null);
INSERT INTO Users( user_id, Matricule, Name, Email, position, Department, superior_id, superior_name, Status, Signature, user_type ) VALUES ( '6da43ef5-687e-42bf-83a6-3fdc3a91cb44', '00198', 'Meja RAKOTOMANGA  (DOP)', 'meja.rakotomanga@ravinala-airports.aero', 'Agente Slot AOCC', 'DOP', '4c8cfbd5-435e-423b-bdf8-78d95000899e', 'Mamitiana RABARIJAONA (DOP)', null, null, null);
INSERT INTO Users( user_id, Matricule, Name, Email, position, Department, superior_id, superior_name, Status, Signature, user_type ) VALUES ( '6f76bda1-28b9-4666-8c7e-56d176dea46c', '00233', 'Miary RASAMOELY (DOP)', 'miary.rasamoely@ravinala-airports.aero', 'Cheffe de Département Terminal et Landside', 'DOP', '814543aa-3dff-4ab9-a822-15fac34e3ba1', 'Caroline PETIT (DOP)', null, null, null);
INSERT INTO Users( user_id, Matricule, Name, Email, position, Department, superior_id, superior_name, Status, Signature, user_type ) VALUES ( '70cbfcf5-8eec-4400-9fc8-c853eb7c4c5f', 'AG002', 'Heriniaina Kaliana RANAIVOARIJAONA (DOP)', 'kaliana.ranaivoarijaona@ravinala-airports.aero', 'Agent d''accueil', 'DOP', 'f904830e-8cf9-41ae-8520-66ec41ce7b31', 'RAZALINE (DOP)', null, null, null);
INSERT INTO Users( user_id, Matricule, Name, Email, position, Department, superior_id, superior_name, Status, Signature, user_type ) VALUES ( '71175805-a3a0-467d-800e-0317beaa9a33', '00011', 'Haingotiana RALAIARIMANANA (DOP)', 'haingo.ralaiarimanana@ravinala-airports.aero', 'Attachée de Direction', 'DGE', 'ec738732-6e94-4288-be4a-c098408d199d', 'Daniel LEFEBVRE (DGE)', null, null, 0);
INSERT INTO Users( user_id, Matricule, Name, Email, position, Department, superior_id, superior_name, Status, Signature, user_type ) VALUES ( '71fa26af-d149-4dd8-9790-1dfe24327889', '00121', 'Volahasina RAKOTOARIVELO (DOP)', 'volahasina.rakotoarivelo@ravinala-airports.aero', 'Conducteur de Passerelle', 'DOP', '4c8cfbd5-435e-423b-bdf8-78d95000899e', 'Mamitiana RABARIJAONA (DOP)', null, null, null);
INSERT INTO Users( user_id, Matricule, Name, Email, position, Department, superior_id, superior_name, Status, Signature, user_type ) VALUES ( '73f0b252-ee8b-4574-973e-fc486866986c', '00163', 'Tony Johary RAJAONARIVELO (DOP)', 'tony.rajaonarivelo@ravinala-airports.aero', 'Responsable Ressources et Programme', 'DOP', '906d7b48-5689-4b72-95bc-304f42a66c93', 'Martial Guy ESSOMBA (DOP)', null, null, null);
INSERT INTO Users( user_id, Matricule, Name, Email, position, Department, superior_id, superior_name, Status, Signature, user_type ) VALUES ( '748fa96b-d149-48f3-8a23-5ed43d72d272', '00395', 'Maholy RANIVO ANDRIAMANANA (DOP)', 'maholy.ranivo@ravinala-airports.aero', 'Agent d’accueil', 'DOP', '30f2fa8a-f859-43c4-a06b-e9317c76c367', 'Rabemanantsoa Caroline RAMILIJAONA (DOP)', null, null, null);
INSERT INTO Users( user_id, Matricule, Name, Email, position, Department, superior_id, superior_name, Status, Signature, user_type ) VALUES ( '74c44520-ab86-4247-94b6-e255740db964', 'AG009', 'Mario Patrick RANAIVONJANAHARY', 'patrick.ranaivonjanahary@ravinala-airports.aero', 'Agent d’accueil', 'DOP', 'a751c8ff-f95b-431e-b7a6-6002628b379b', 'Maminiaina RAZAKAMANANTSOA (DOP)', null, null, null);
INSERT INTO Users( user_id, Matricule, Name, Email, position, Department, superior_id, superior_name, Status, Signature, user_type ) VALUES ( '766d6ae8-4293-4ec6-a7d8-b69c05b19977', '00383', 'Tantely Haingosoa BENAMAHARO (DRH)', 'tantely.benamaharo@ravinala-airports.aero', 'Responsable Administratif RH et Recrutement', 'DRH', '76c25f37-2089-4e81-8329-1b63d880b71a', 'Herinomenjanaharilala Sedera RASOLOFONDRAMANAMBE (DRH)', null, null, null);
INSERT INTO Users( user_id, Matricule, Name, Email, position, Department, superior_id, superior_name, Status, Signature, user_type ) VALUES ( '76c25f37-2089-4e81-8329-1b63d880b71a', '00358', 'Herinomenjanaharilala Sedera RASOLOFONDRAMANAMBE (DRH)', 'hery.rasolofondramanambe@ravinala-airports.aero', 'Chef de Département Développement RH et Rémunération', 'DRH', '002b1f12-e8c5-4a30-81ca-e8532855de71', 'Dealilalaina Sedera RASOLOMANANA (DRH)', null, null, 0);
INSERT INTO Users( user_id, Matricule, Name, Email, position, Department, superior_id, superior_name, Status, Signature, user_type ) VALUES ( '770712b1-14f4-4afe-bf33-5da0958f4e7c', '00406', 'Kajasoa RAKOTOMAHANDRY (DT)', 'kajasoa.rakotomahandry@ravinala-airports.aero', 'Chargée de Projet', 'DT', '795790a4-02f8-4c36-a80e-eb66eb184097', 'Natolotra RAJOELINA (DT)', null, null, null);
INSERT INTO Users( user_id, Matricule, Name, Email, position, Department, superior_id, superior_name, Status, Signature, user_type ) VALUES ( '786c4b19-47b2-4764-b5fd-d04268fd1d08', '00324', 'Nantenaina Mielle ANDRIANOMENJANAHARY (DOP)', 'nantenaina.andrianomenjanahary@ravinala-airports.aero', 'Agent d’accueil', 'DOP', 'a751c8ff-f95b-431e-b7a6-6002628b379b', 'Maminiaina RAZAKAMANANTSOA (DOP)', null, null, null);
INSERT INTO Users( user_id, Matricule, Name, Email, position, Department, superior_id, superior_name, Status, Signature, user_type ) VALUES ( '78d49c75-a8d3-40a4-9219-fe206d74ac47', '00414', 'Faranirina Aromanda RAKOTOVAO (DAF)', 'aromanda.rakotovao@ravinala-airports.aero', 'Acheteuse', 'DAF', '68c559ab-6caf-4807-ba94-765716f6d5ec', 'Fetra RAZANAMPARANY (DAF)', null, null, null);
INSERT INTO Users( user_id, Matricule, Name, Email, position, Department, superior_id, superior_name, Status, Signature, user_type ) VALUES ( '791945e9-1669-4b59-9785-4d6a8d6db81d', '00447', 'Hermélan RAJAONARISON (DSI)', 'hermelan.rajaonarison@ravinala-airports.aero', 'Technicien AOS & IT NOS', 'DSI', 'ecead56b-8c32-4a01-bafd-4a05e135949f', 'Nathalie Doriane RALAIARIMALALA (DSI)', null, null, null);
INSERT INTO Users( user_id, Matricule, Name, Email, position, Department, superior_id, superior_name, Status, Signature, user_type ) VALUES ( '795790a4-02f8-4c36-a80e-eb66eb184097', '00371', 'Natolotra RAJOELINA (DT)', 'natolotra.rajoelina@ravinala-airports.aero', 'Chef de Département Technique', 'DT', '1a0f5dab-9ad7-4a30-b73c-842f54ba6a9a', 'Rova RAHERIJAONA (DT)', null, null, null);
INSERT INTO Users( user_id, Matricule, Name, Email, position, Department, superior_id, superior_name, Status, Signature, user_type ) VALUES ( '79faa5f8-b205-46b7-842d-4974ce7a0e75', '00331', 'Henintsoa Hariniaina RAZAFINDRAMANITRA (DOP)', 'henintsoa.razafindramanitra@ravinala-airports.aero', 'Superviseur Maintenance AOCC', 'DOP', '3a60fbce-8356-4415-bbad-82e9280fe08a', 'Andrianina Luc RAKOTOMANDIMBY (DOP)', null, null, null);
INSERT INTO Users( user_id, Matricule, Name, Email, position, Department, superior_id, superior_name, Status, Signature, user_type ) VALUES ( '7a1865b2-fae2-41f0-b045-1db2c4d80727', '00234', 'Herimboahary Dinarisoa ANDRIANTOLOTIANA RAVONIRINA (DAF)', 'dina.andriantolotiana@ravinala-airports.aero', 'Chef de Service Facturation et Statistiques', 'DAF', '9c2ac066-01de-49a4-86a1-0d1153cb14e8', 'Andrianantenaina RAMAROLAHY (DAF)', null, null, null);
INSERT INTO Users( user_id, Matricule, Name, Email, position, Department, superior_id, superior_name, Status, Signature, user_type ) VALUES ( '7a222403-6b3d-47fd-a731-a5074f68b934', '00448', 'Anatole Christiano MAMISOLO (DOP)', 'anatole.mamisolo@ravinala-airports.aero', 'Agent de Piste NOS', 'DOP', '0b27a9f1-3add-4181-847a-cc2dc8bcfa29', 'Tefy Antonio Patrick RAJAONAH (DOP)', null, null, null);
INSERT INTO Users( user_id, Matricule, Name, Email, position, Department, superior_id, superior_name, Status, Signature, user_type ) VALUES ( '7ab82b0f-f44a-46f7-84ed-dd6e68624e00', '00010', 'Nadya Mamitiana RAZANAKOLONA (DT)', 'nadya.razanakolona@ravinala-airports.aero', 'Assistante Technique', 'DT', '1a0f5dab-9ad7-4a30-b73c-842f54ba6a9a', 'Rova RAHERIJAONA (DT)', null, null, null);
INSERT INTO Users( user_id, Matricule, Name, Email, position, Department, superior_id, superior_name, Status, Signature, user_type ) VALUES ( '7b2ef755-f135-4ae8-8f4d-b9fdbe2e32ad', '00416', 'Rado RAFANOMEZANTSOA (DAF)', 'rado.rafanomezantsoa@ravinala-airports.aero', 'Chef Comptable', 'DAF', '9c2ac066-01de-49a4-86a1-0d1153cb14e8', 'Andrianantenaina RAMAROLAHY (DAF)', null, null, null);
INSERT INTO Users( user_id, Matricule, Name, Email, position, Department, superior_id, superior_name, Status, Signature, user_type ) VALUES ( '7b67ee30-1765-4356-bf6f-1a6cdef18d89', '00361', 'Maminiaina Elysé RAZAFINDRAKOTO (DOP)', 'maminiaina.razafindrakoto@ravinala-airports.aero', 'Agent de piste', 'DOP', '5137249d-9e50-48f2-b598-19d2ba48e41f', 'Nirina Marius RAZAFIMAHATRATRA (DOP)', null, null, null);
INSERT INTO Users( user_id, Matricule, Name, Email, position, Department, superior_id, superior_name, Status, Signature, user_type ) VALUES ( '7c9c1aab-8044-49eb-9ff5-30812035a95d', '00400', 'Mahefa RAHARITIANA (DOP)', 'mahefa.raharitiana@ravinala-airports.aero', 'Superviseur Maintenance', 'DOP', '3a60fbce-8356-4415-bbad-82e9280fe08a', 'Andrianina Luc RAKOTOMANDIMBY (DOP)', null, null, null);
INSERT INTO Users( user_id, Matricule, Name, Email, position, Department, superior_id, superior_name, Status, Signature, user_type ) VALUES ( '7e56abd1-af10-4ce0-be7f-33e8c9bfaceb', '00224', 'Herimalala Naly ANDRIAMIHAJA (DCM)', 'naly.andriamihaja@ravinala-airports.aero', 'Chef Superviseur Contrôle fret', 'DCM', 'b528a814-3f62-475a-a626-0f245c943762', 'Hanitra Nadia ANDRIAMASINORO (DCM)', null, null, null);
INSERT INTO Users( user_id, Matricule, Name, Email, position, Department, superior_id, superior_name, Status, Signature, user_type ) VALUES ( '7eaf0873-617f-4c80-a8b1-d9f52bc8be23', 'ST148', 'Allan MARTIN (DCM)', 'allan.martin@ravinala-airports.aero', 'Stagiaire DCM', 'DCM', '12a2ed31-0caf-4a56-a229-336d281565a5', 'Gaël Mamy NIRIARISON (DCM)', null, null, null);
INSERT INTO Users( user_id, Matricule, Name, Email, position, Department, superior_id, superior_name, Status, Signature, user_type ) VALUES ( '80eb55ee-a2ea-468b-ba02-0a5fc5103524', '00461', 'Sitraka Henintsoa RANDRIAMANANTSOA (DJA)', 'sitraka.randriamanantsoa@ravinala-airports.aero', 'Assistant Administratif et Gestionnaire de Documents', 'DJA', '8877fae2-664d-4870-a5db-657f02c451c8', 'Tahiana RAKOTONDRASOA (DJA)', null, null, null);
INSERT INTO Users( user_id, Matricule, Name, Email, position, Department, superior_id, superior_name, Status, Signature, user_type ) VALUES ( '814543aa-3dff-4ab9-a822-15fac34e3ba1', '00334', 'Caroline PETIT (DOP)', 'caroline.petit@ravinala-airports.aero', 'Directrice des Opérations', 'DOP', 'ec738732-6e94-4288-be4a-c098408d199d', 'Daniel LEFEBVRE (DGE)', null, null, null);
INSERT INTO Users( user_id, Matricule, Name, Email, position, Department, superior_id, superior_name, Status, Signature, user_type ) VALUES ( '8334829e-08b6-4a3e-adc6-e2b6ccaf19a0', '00292', 'Nina RATSARASATA (DQRSE)', 'nina.ratsarasata@ravinala-airports.aero', 'Responsable Santé et Sécurité au Travail', 'DQRSE', '0cb6e51a-302f-4d79-8a9c-0fbcd0ea62da', 'Felana RATSIMBAZAFY (DQRSE)', null, null, null);
INSERT INTO Users( user_id, Matricule, Name, Email, position, Department, superior_id, superior_name, Status, Signature, user_type ) VALUES ( '83d28c24-2d52-408c-94fd-c04d9dc4bc5e', '00408', 'Joël TADZONG (DAF)', 'joel.tadzong@ravinala-airports.aero', 'Chef de Département Ingénierie et Contrôle Financier', 'DAF', '11715a63-e237-46b3-b568-ffa6fc087000', 'Romain PIERRU (DAF)', null, null, null);
INSERT INTO Users( user_id, Matricule, Name, Email, position, Department, superior_id, superior_name, Status, Signature, user_type ) VALUES ( '83dc05fd-0e42-43f5-b0e0-1567df7647b1', '00279', 'Vonjimampianina RAKOTOARISOA (DSI)', 'vonji.rakotoarisoa@ravinala-airports.aero', 'Chef de Département Infrastructures et Production IT', 'DSI', 'c894ab8a-7e91-41c9-8102-5eef8d8e99a0', 'Dominique RAKOTOMAMONJY (DSI)', null, null, 0);
INSERT INTO Users( user_id, Matricule, Name, Email, position, Department, superior_id, superior_name, Status, Signature, user_type ) VALUES ( '83fc601d-b52b-4c25-9d5e-a033f1aec614', 'ST156', 'Koloina Muriella ANDRIANASOLO (DOP)', 'koloina.andrianasolo@ravinala-airports.aero', 'Stagiaire DOP', 'DOP', '6f76bda1-28b9-4666-8c7e-56d176dea46c', 'Miary RASAMOELY (DOP)', null, null, null);
INSERT INTO Users( user_id, Matricule, Name, Email, position, Department, superior_id, superior_name, Status, Signature, user_type ) VALUES ( '842ecb82-ffcf-46f1-bc71-28b97991ae81', '00235', 'Nora Christian HENINTSOA (DT)', 'nora.henintsoa@ravinala-airports.aero', 'Agent polyvalent', 'DT', null, null, null, null, null);
INSERT INTO Users( user_id, Matricule, Name, Email, position, Department, superior_id, superior_name, Status, Signature, user_type ) VALUES ( '844dc900-8612-487c-876e-f4cbcf0edd80', '00202', 'Mahandry ANDRIANJAFINIRINA (DOP)', 'mahandry.andrianjafinirina@ravinala-airports.aero', 'Responsable d’Exploitation', 'DOP', '0b27a9f1-3add-4181-847a-cc2dc8bcfa29', 'Tefy Antonio Patrick RAJAONAH (DOP)', null, null, null);
INSERT INTO Users( user_id, Matricule, Name, Email, position, Department, superior_id, superior_name, Status, Signature, user_type ) VALUES ( '8877fae2-664d-4870-a5db-657f02c451c8', '00354', 'Tahiana RAKOTONDRASOA (DJA)', 'tahiana.rakotondrasoa@ravinala-airports.aero', 'Directeur Juridique et Assurances', 'DJA', 'ec738732-6e94-4288-be4a-c098408d199d', 'Daniel LEFEBVRE (DGE)', null, null, null);
INSERT INTO Users( user_id, Matricule, Name, Email, position, Department, superior_id, superior_name, Status, Signature, user_type ) VALUES ( '88c6eb39-265b-439f-8885-4f571d52884a', '00360', 'Sitraka David RAMAROJAONA (DOP)', 'sitraka.ramarojaona@ravinala-airports.aero', 'Agent de piste', 'DOP', '5137249d-9e50-48f2-b598-19d2ba48e41f', 'Nirina Marius RAZAFIMAHATRATRA (DOP)', null, null, null);
INSERT INTO Users( user_id, Matricule, Name, Email, position, Department, superior_id, superior_name, Status, Signature, user_type ) VALUES ( '88f9c415-4757-4cec-8c2f-281081040257', '00049', 'Pierre RAKOTOMANANA (DOP)', 'pierre.rakotomanana@ravinala-airports.aero', 'Agent de piste', 'DOP', '5137249d-9e50-48f2-b598-19d2ba48e41f', 'Nirina Marius RAZAFIMAHATRATRA (DOP)', null, null, null);
INSERT INTO Users( user_id, Matricule, Name, Email, position, Department, superior_id, superior_name, Status, Signature, user_type ) VALUES ( '8a5b246f-0623-4520-8c71-07252c826880', '00250', 'Elysé SAY (DOP)', 'elyse.say@ravinala-airports.aero', 'Agent de piste', 'DOP', '0b27a9f1-3add-4181-847a-cc2dc8bcfa29', 'Tefy Antonio Patrick RAJAONAH (DOP)', null, null, null);
INSERT INTO Users( user_id, Matricule, Name, Email, position, Department, superior_id, superior_name, Status, Signature, user_type ) VALUES ( '8dd30fad-6cbe-4aa7-bbe3-4a4faaba2a98', '00417', 'Ny Aina Zo RAZAFINDRAKOTO (DOP)', 'nyaina.razafindrakoto@ravinala-airports.aero', 'Technicien CFA', 'DOP', '4ac9a820-406d-4e06-b674-07157fd675b8', 'Andriantsilavina RAKOTOMALALA (DOP)', null, null, null);
INSERT INTO Users( user_id, Matricule, Name, Email, position, Department, superior_id, superior_name, Status, Signature, user_type ) VALUES ( '8def912e-31c7-4f6d-b7cc-ec5076020ad1', '00420', 'Vaniala RAKOTOARIVONY (DAF)', 'vaniala.rakotoarivony@ravinala-airports.aero', 'Contrôleur Interne', 'DAF', '05ae1fb5-5671-4b93-b1f8-df82ae855300', 'Dina Mickaël RAJOHNSON (DAF)', null, null, null);
INSERT INTO Users( user_id, Matricule, Name, Email, position, Department, superior_id, superior_name, Status, Signature, user_type ) VALUES ( '8e8c09f3-9bd4-4a4f-8c4e-20513920a7be', '00110', 'N. Tahiriniaina MAMPIONONA (DAF)', 'tahiriniaina.mampionona@ravinala-airports.aero', 'Agent Saisie facturation', 'DAF', '7a1865b2-fae2-41f0-b045-1db2c4d80727', 'Herimboahary Dinarisoa ANDRIANTOLOTIANA RAVONIRINA (DAF)', null, null, null);
INSERT INTO Users( user_id, Matricule, Name, Email, position, Department, superior_id, superior_name, Status, Signature, user_type ) VALUES ( '906d7b48-5689-4b72-95bc-304f42a66c93', '00372', 'Martial Guy ESSOMBA (DOP)', 'martial.essomba@ravinala-airports.aero', 'Ingénieur Exploitation', 'DOP', '814543aa-3dff-4ab9-a822-15fac34e3ba1', 'Caroline PETIT (DOP)', null, null, null);
INSERT INTO Users( user_id, Matricule, Name, Email, position, Department, superior_id, superior_name, Status, Signature, user_type ) VALUES ( '90be815e-9c3e-4693-b10c-342e16a1553a', 'ST131', 'Mibaliaka Mahaliana RAZAFINDRAGOLO (DAF)', 'mahaliana.razafindragolo@ravinala-airports.aero', 'Stagiaire en Contrôle Financier', 'DAF', '5f0151c4-c2f9-47f0-9fba-3ef1432f9723', 'Linda Lai FIDIMANANTSOA (DAF)', null, null, null);
INSERT INTO Users( user_id, Matricule, Name, Email, position, Department, superior_id, superior_name, Status, Signature, user_type ) VALUES ( '90c684e0-566a-4b9d-98fe-e236a9da3ee7', 'ST160', 'Vahatra RAKOTONIAINA (DQRSE)', 'vahatra.rakotoniaina@ravinala-airports.aero', 'Stagiaire DQRSE', 'DQRSE', '8334829e-08b6-4a3e-adc6-e2b6ccaf19a0', 'Nina RATSARASATA (DQRSE)', null, null, null);
INSERT INTO Users( user_id, Matricule, Name, Email, position, Department, superior_id, superior_name, Status, Signature, user_type ) VALUES ( '95b56bd7-a03d-4e48-aefe-68a53abbc70a', '00457', 'Aina Loïc RASON (DGE)', 'aina.rason@ravinala-airports.aero', 'Chargé Communication Digitale', 'COM', '528ab1c6-721e-4c57-bbb6-abe275754263', 'Sandrine RAHANTAMALALA (DGE)', null, null, null);
INSERT INTO Users( user_id, Matricule, Name, Email, position, Department, superior_id, superior_name, Status, Signature, user_type ) VALUES ( '95e7be5c-5e0d-4e39-9daf-84acf0395c39', '00407', 'Christian RAJAONARIVONY (DCM)', 'christian.rajaonarivony@ravinala-airports.aero', 'Contrôleur Fret', 'DCM', '7e56abd1-af10-4ce0-be7f-33e8c9bfaceb', 'Herimalala Naly ANDRIAMIHAJA (DCM)', null, null, null);
INSERT INTO Users( user_id, Matricule, Name, Email, position, Department, superior_id, superior_name, Status, Signature, user_type ) VALUES ( '95e9f3d0-341f-468c-85bb-896c12cd7543', '00165', 'Johary Zo ANDRIANOMENY (DOP)', 'zo.andrianomeny@ravinala-airports.aero', 'Assistante aux Usagers', 'DOP', '10adbe3c-0dc6-4ec9-8313-82d459cfd03c', 'Noro Herimanitra R. ANDRIANALIVOLA (DOP)', null, null, null);
INSERT INTO Users( user_id, Matricule, Name, Email, position, Department, superior_id, superior_name, Status, Signature, user_type ) VALUES ( '97df6263-3ea3-487d-96c5-22197a13ad26', 'ST151', 'Larry Joann RANDRIANIRINA (DQRSE)', 'joann.randrianirina@ravinala-airports.aero', 'Stagiaire', 'DQRSE', 'db805c79-6ff8-45eb-97b2-f6825775f72f', 'Christelle RAKOTOMAVO (DSI)', null, null, 0);
INSERT INTO Users( user_id, Matricule, Name, Email, position, Department, superior_id, superior_name, Status, Signature, user_type ) VALUES ( '9898f06c-ba49-407c-82af-7b6403d645ed', '00104', 'Andriamialisoa Elisa RAHARISON (DOP)', 'elisa.raharison@ravinala-airports.aero', 'Agent d’accueil', 'DOP', '4c8cfbd5-435e-423b-bdf8-78d95000899e', 'Mamitiana RABARIJAONA (DOP)', null, null, null);
INSERT INTO Users( user_id, Matricule, Name, Email, position, Department, superior_id, superior_name, Status, Signature, user_type ) VALUES ( '98e1d5e0-961d-4e91-8f80-abf595ba01f2', '00012', 'Naly Nantenaina RAMANOELINA (DT)', 'naly.ramanoelina@ravinala-airports.aero', 'Chef de Service Courant Fort', 'DT', '00b58219-2f52-470d-b48f-383c8fd9ba23', 'Andry Lova Tiana RAJERISON RASAONA (DT)', null, null, 0);
INSERT INTO Users( user_id, Matricule, Name, Email, position, Department, superior_id, superior_name, Status, Signature, user_type ) VALUES ( '9ad39ce2-97a7-4a0b-911b-02edb2ee2b23', 'AG005', 'Andrianina Annicka RAKOTOZAFY (DOP)', 'annicka.rakotozafy@ravinala-airports.aero', 'Agent d’accueil', 'DOP', 'f904830e-8cf9-41ae-8520-66ec41ce7b31', 'RAZALINE (DOP)', null, null, null);
INSERT INTO Users( user_id, Matricule, Name, Email, position, Department, superior_id, superior_name, Status, Signature, user_type ) VALUES ( '9b208e5e-d93f-4076-a3b7-bed3ed7d7310', '00171', 'Harisolo Francia ANDRIAMILANTO (DOP)', 'francia.andriamilanto@ravinala-airports.aero', 'Assistante de Direction', 'DOP', '3a60fbce-8356-4415-bbad-82e9280fe08a', 'Andrianina Luc RAKOTOMANDIMBY (DOP)', null, null, null);
INSERT INTO Users( user_id, Matricule, Name, Email, position, Department, superior_id, superior_name, Status, Signature, user_type ) VALUES ( '9c2ac066-01de-49a4-86a1-0d1153cb14e8', '00183', 'Andrianantenaina RAMAROLAHY (DAF)', 'naina.ramarolahy@ravinala-airports.aero', 'Chef de Département Facturation et Comptabilité', 'DAF', '11715a63-e237-46b3-b568-ffa6fc087000', 'Romain PIERRU (DAF)', null, null, null);
INSERT INTO Users( user_id, Matricule, Name, Email, position, Department, superior_id, superior_name, Status, Signature, user_type ) VALUES ( '9e5271e0-1a0e-4ee1-ba58-f4239f9fadd8', '00117', 'T. Marka RAJAOHARILALA (DOP)', 'marka.rajaoharilala@ravinala-airports.aero', 'Superviseur parking', 'DOP', '20fff662-51ee-4fc4-99ae-dc7a9c361cbd', 'Fanjanirina RAFANILONIAINA (DOP)', null, null, null);
INSERT INTO Users( user_id, Matricule, Name, Email, position, Department, superior_id, superior_name, Status, Signature, user_type ) VALUES ( '9eee372f-5e04-43b6-b4d1-2586fb67cbcd', 'ST135', 'Alida MASY TINA (DGE)', 'alida.masy@ravinala-airports.aero', 'Stagiaire COM', 'COM', '45c6f806-01a8-485b-b7d0-e92a0caf0a55', 'Lala Tiana RAMALANJAONA (DGE)', null, null, null);
INSERT INTO Users( user_id, Matricule, Name, Email, position, Department, superior_id, superior_name, Status, Signature, user_type ) VALUES ( '9ff3d2d3-d79c-4c1b-bea4-8260e127a0a7', '00460', 'Hasina RASAMOELINA (DQRSE)', 'hasina.rasamoelina@ravinala-airports.aero', 'Responsable Qualité et Gestion des Risques', 'DQRSE', '0cb6e51a-302f-4d79-8a9c-0fbcd0ea62da', 'Felana RATSIMBAZAFY (DQRSE)', null, null, null);
INSERT INTO Users( user_id, Matricule, Name, Email, position, Department, superior_id, superior_name, Status, Signature, user_type ) VALUES ( 'a0da4c56-c9d4-468b-af02-774480b1937e', 'ST125', 'Ismael ALEXANDRE (DOP)', 'ismael.alexandre@ravinala-airports.aero', 'Stagiaire', 'DOP', '6f76bda1-28b9-4666-8c7e-56d176dea46c', 'Miary RASAMOELY (DOP)', null, null, null);
INSERT INTO Users( user_id, Matricule, Name, Email, position, Department, superior_id, superior_name, Status, Signature, user_type ) VALUES ( 'a1123b0c-acbd-4c86-b0a4-ac7989d1eb06', 'ST132', 'Salohy RAKOTONDRAZANANY (DCM)', 'salohy.rakotondrazanany@ravinala-airports.aero', 'Stagiaire Marketing', 'DCM', 'b528a814-3f62-475a-a626-0f245c943762', 'Hanitra Nadia ANDRIAMASINORO (DCM)', null, null, null);
INSERT INTO Users( user_id, Matricule, Name, Email, position, Department, superior_id, superior_name, Status, Signature, user_type ) VALUES ( 'a13b7477-dee0-4e1a-8f6f-17e1a6bd045c', 'ST153', 'Vonjy RANDRIANARIFIDY (DRH)', 'vonjy.randrianarifidy@ravinala-airports.aero', 'Stagiaire DRH', 'DRH', 'fbb54cbc-17ca-4708-827d-33ddc9a8defd', 'Vatosoa Maminiaina RAJAOFERA (DRH)', null, '/9j/4AAQSkZJRgABAQAAAQABAAD/4gHYSUNDX1BST0ZJTEUAAQEAAAHIAAAAAAQwAABtbnRyUkdCIFhZWiAH4AABAAEAAAAAAABhY3NwAAAAAAAAAAAAAAAAAAAAAAAAAAAAAAAAAAAAAQAA9tYAAQAAAADTLQAAAAAAAAAAAAAAAAAAAAAAAAAAAAAAAAAAAAAAAAAAAAAAAAAAAAAAAAAAAAAAAAAAAAlkZXNjAAAA8AAAACRyWFlaAAABFAAAABRnWFlaAAABKAAAABRiWFlaAAABPAAAABR3dHB0AAABUAAAABRyVFJDAAABZAAAAChnVFJDAAABZAAAAChiVFJDAAABZAAAAChjcHJ0AAABjAAAADxtbHVjAAAAAAAAAAEAAAAMZW5VUwAAAAgAAAAcAHMAUgBHAEJYWVogAAAAAAAAb6IAADj1AAADkFhZWiAAAAAAAABimQAAt4UAABjaWFlaIAAAAAAAACSgAAAPhAAAts9YWVogAAAAAAAA9tYAAQAAAADTLXBhcmEAAAAAAAQAAAACZmYAAPKnAAANWQAAE9AAAApbAAAAAAAAAABtbHVjAAAAAAAAAAEAAAAMZW5VUwAAACAAAAAcAEcAbwBvAGcAbABlACAASQBuAGMALgAgADIAMAAxADb/2wBDAAoHBwgHBgoICAgLCgoLDhgQDg0NDh0VFhEYIx8lJCIfIiEmKzcvJik0KSEiMEExNDk7Pj4+JS5ESUM8SDc9Pjv/2wBDAQoLCw4NDhwQEBw7KCIoOzs7Ozs7Ozs7Ozs7Ozs7Ozs7Ozs7Ozs7Ozs7Ozs7Ozs7Ozs7Ozs7Ozs7Ozs7Ozs7Ozv/wAARCAHCAyADASIAAhEBAxEB/8QAGwABAQEBAQEBAQAAAAAAAAAAAAUEAwIBBgf/xABCEAEAAgIBAgIECQYNBQAAAAAAAQIDBBEFEiExEzVBURQiMmFxc3SxtBU0QlJTgQYjJENUYnKRlJWhstJ1gpKTs//EABQBAQAAAAAAAAAAAAAAAAAAAAD/xAAUEQEAAAAAAAAAAAAAAAAAAAAA/9oADAMBAAIRAxEAPwD+zAAAAAAAAAAAAAAAAAAAAAAAAAAAAAAAAAAAAAAAAAAAAAAAAAAAAAAAAAAAAAAAAAAAAAAAAAAAAAAAAAAAAAAAAAAAAAAAAAAAAAAAAAAAAAAAAAAAAAAAAAAAAAAAAAAAAAAAAAAAAAAAAAAAAAAAAAAAAAAAAAAAAAAAAAAAAAAAAAAAAAAAAAAAAAAAAAAAAAAAAAAAAAAAAAAAAAAAAAAAAAAAAAAAAAAAAAAAAAAAAAAAAAAAAAAAAAAAAAAAAAAAAAAAAAAAAAAAAAAAAAAAAAAAAAAAAAAAAAAAAAAAAAAAAAAAAAAAAAAAAAAAAPGTLjxdvpMlad9orXutEd0z5RHzuW/txo6WTY7JyWrxFMcTxOS8zxWvPs5tMRz86VvdCxZem5NjavNuoUrTLO1Xxmtsdq5IikW57ad1I+LHnHnzPiC6OWvknNrYstoiJvSLTx88OoAAAAAAAAAAAAAAAAAAAAAAAAAAAAAAAAAAAAAAAAAAAAAAAAAAAAAAAAAAAAAAAAAAAAAAAAAAAAAAAAAAAAAAAAMU7uenWaaN9ekYcuC+THmjLM25rNYms17eI+XzE8z5T4NqX1+LV0sGzjjjJr7eDJFo/Qr6Stck/wDrteJ+aVQAAAAAE/qma81xaGvm9HsbczWLV+XTHHy7x7uImIifKLWrzzzxIeMcx1Lq0Z4rW2to91ceTnnuzTzW/EezsjmvPtm9o8OPHXv+rtn6m/3S64cOPXw0w4aRTHjrFa1rHEREeUOW/wCrtn6m/wB0g+6X5hr/AFVfuh3cNL8w1/qq/dDuAAAAAAAAAAAAAAAAAAAAAAAAAAAAAAAAAAAAAAAAAAAAAAAAAAAAAAAAAAAAAAAAAAAAAAAAAAAAAAAAAAAAAAAADhu6td3R2NS9prTPitjtNfOItHHh/e5dO3Z26ZsWSa/CdTL6HYisTEd3bFomOfZNbVtxzPHdxzzEtiP0T1t/CH/qNPwuuCwAAAAndL7tjNt7+SY5yZbYcdYj5FMdrVjx9szbutz4eFoj2cz76pmy9mPT1ptXPt2mlclf5qvHNr/ujwjwn40158OZjVhw49fDXDir20rHERzz/r7Z+cHRn3/V2z9Tf7paGff9XbP1N/ukH3S/MNf6qv3Q7uGl+Ya/1Vfuh3AAAAAAAAAAAAAAAAAAAAAAAAAAAAAAAAAAAAAAAAAAAAAAAAAAAAAAAAAAAAAAAAAAAAAAAAAAAAAAAAAAABx2tvX0sM5tjLXHTmIjnztMzxERHnMzMxERHjMzEQDsJ/5b1P2W9/l+f/gflvU/Zb3+X5/+AKAn/lvU/Zb3+X5/+D7h6303NtV1I26Ytq8d1NfPE4stq/rRS8RaY8J8Yjjwn3SDembVr6nXdPNE1tTd/ktqccTWa1vki3PPl8WY44/S558OJppnVfWPRfttvw+YFMAB8taK1m1piIiOZmfY+pnWe3bri6P3eO9FoyxH7COPSfRzExTmPGJvEx5A9dLrba56pnpNcmxHGGlrTPosP6MceUTbwtbw55mImZisKIAM+/6u2fqb/dLQzdSvWnS9u97RWtcN5mZniIjtkHrS/MNf6qv3Q7uOnWa6WCtomJjHWJifOPB2AAAAAAAAAAAAAAAAAAAAAAAAAAAAAAAAAAAAAAAAAAAAAAAAAAAAAAAAAAAAAAAAAAAAAAAAAAAAAAAAABJx7v5a2tvW1M1K6unm9BsZceT49skRFrUrx8mI7oiZ555i0cRxyD3l6lk3L5dXpE48uWnhk2L8ziwzP0fLtH6sTHl4zXmOe2r0rW1887V6zn25552Mvxrxz7K8/Jr/AFa8R5+2ZmdePHTFjrjx0rSlIita1jiIiPKIh6AAAc82DDs4pxZ8VMuOfOt6xaJ/dLoAnT0TWx5YzaOTLo5IjjjBfjHP0455pM/1uO7w45TOpZ+qa270eNvVpuTXdtNcmnxSb/xGb9C9vi8f25549nPD9ImdV9Y9F+22/D5gbNTcwbuH0uvfur5TE1mtqz7rVniaz80xzDuxbfS9fazfCazbX2+z0ddrDxGSK88xHMxMTHM88TExz7GfH07qerb0mPrmxtzxxOLcxYuz6YnHSkxPz8zHn4eUwFVgx+v8/wBlxf77vNOqZqx27XTNrFkjwmMdYy0t89bVny93MVn3xDH0vqVb0y7d9TdvmzZL1tb0Np+LW9orWPdER/rzPnILowflWv8AQt3/AA8n5Vr/AELd/wAPIN6bsz8P6lj0orW2vr/xuzMzzE24+Jj49vn3Tz5dtfCe7mPvwvf2rzXU1Pg9Ijxzbcec+6tInmfbzzNfZxzzMxq09SmlqY9bHa14pHje/HdeZ8ZtbjzmZmZn55B3AAAAAAAAAAAAAAAAAAAAAAAAAAAAAAAAAAAAAAAAAAAAAAAAAAAAAAAAAAAAAAAAAAAAAAAAAAAAAAAAAATuh/mGX7Ztf/fIop3RPDSzVnwtG5s8x7Y5zXmP9Jif3gogAAAAAJnVfWPRfttvw+ZTTstI2Ou4a5Jnt1MXpsdY/Xt3U5n6K90RHl8aeefDgKIACd0G9c3RsGfHPOPP3Zsdv1qXtNqz++JiX3r+S+H+DvUsuK9qZKamW1bVniazFJ4mJ9ktuLFjwYaYcOOuPHjrFaUpHFaxHhEREeUA9gAAAAAAAAAAAAAAAAAAAAAAAAAAAAAAAAAAAAAAAAAAAAAAAAAAAAAAAAAAAAAAAAAAAAAAAAAAAAAAAAAAAAAJeW2Pp3W4zXt6PD1CtcUz+j6avPbz7rWrPHM+fZSvPPETUeM2HFsYb4c2OmXFkrNb0vWJras+ExMT5xIPYmV1p6Pfu1MNraM1is62KvPoZjn41I93lHbHlxHEebdr7OHbwxmw37qT74mJifbExPjEx7Ynxj2g6gAAAMFfX+T7LT/fZvTtfJTP13btinujXx0wZJ/Vv8vt/wDG9Z/eCiACb1y8fAK68R3X2s2PBWvtnm0d08e3isWtMe6sqSV1f1n0L7fb8NnVQAAAAAAAAAAAAAAAAAAAAAAAAAAAAAAAAAAAAAAAAAAAAAAAAAAAAAAAAAAAAAAAAAAAAAAAAAAAAAAAAAAAAAAAAGLY6Vr5tiNrHbJrbMfz2C3bNv7UeV/+6J49nEtoCZ8K6lo4/wCWa0blKz459WOLdvvnHM8+EefbNpnjmI8e2Nutt625jtfWzUy1rbtt2zz2z58T7p8Y8PndmLc6Zi27znpkvq7XbFK7WDtjJERMzEeMTFo8Z8LRMeMg2idO5vaVrfDdb0+GI5jPqUmZj392Pxt9HbNufHwjw52a21r7mGufVz48+K3lfFeLVn98A6o/RKz+U+v34ntv1Gs1t7Lca2Cs8e/xiY+mJUtnZxamC2bNbtrExHzzMzxER75mZiIj2zLl0zDkwaMVy17L2yZMk15iZr3Xm0RPHhzHPE8eH0g1gAldX9Z9C+32/DZ1VK6v6z6F9vt+GzqoAAAAAAAAAAAAAAAAAAAAAAAAAAAAAAAAAAAAAAAAAAAAAAAAAAAAAAAAAAAAAAAAAAAAAAAAAAAAAAAAAAAAAAAAAAAADBudF0d3L6XJXNiyfpX1tjJgtf8AtTjtWbfv545n3t4CXh/g70/Dmpl7t3NOO0WrXY6hnzU5jxiZpe81mYniY5jwmImPGFQAAASur+s+hfb7fhs6qldX9Z9C+32/DZ1UAAAAAAAAAAAAAAAAAAAAAAAAAAAAAAAAAAAAAAAAAAAAAAAAAAAAAAAAAAAAAAAAAAAAAAAAAAAAAAAAAAAAAAAAAAAAAAAAAAErq/rPoX2+34bOqpXV/WfQvt9vw2dVAAAAAAAAAAAAAAAAAAAAAAAAAAAAAAAAAAAAAAAAAAAAAAAAAAAAAAAAAAAAAAAAAAAAAAAAAAAAAAAAAAAAAAAAAAAAAAAAAABK6v6z6F9vt+GzqqV1GJz9b6Rgp42wZcm1efZFIxXx/wB82yxx80W9yqAAAAAAAAAAAAAAAAAAAAAAAAAAAAAAAAAAAAAAAAAAAAAAAAAAAAAAAAAAAAAAAAAAAAAAAAAAAAAAAAAAAAAAAAAAAAAAAAAADlTXw02MmxXHEZssVre/tmK88Rz7o5nw98zPtl1AAAAAAAAAAAAAAAAAAAAAAAAAAAAAAAAAAAAAAAAAAAAAAAAAAAAAAAAAAAAAAAAAAAAAAAAAAAAAAAAAAAAAAAAAAAAAAAAAAAAAAAAAAAAAAAAAAAAAAAAAAAAAAAAAAAAAAAAAAAAAAAAAAAAAAAAAAAAAAAAAAAAAAAAAAAAAAAAAAAAAAAAAAAAAAAAAAAAAAAAAAAAAAAAAAAAAAAAAAAAAAAAAAAAAAAAAAAAAAAAAAAAAAAAAAAAAAAAAAAAAAAAAAAAAAAAAAAAAAAAAAAAAAAAAAAAAAAAAAAAAAAAAAAAAAAAAAAAAAAAAAAAAAAAAAAAAAAAAAAAAAAAAAAAAAAAAAAAAAAAAAAAAAAAAAAAAAAAAAAAAAAAAAAAAAAAAAAAAAAAAAAAAAAAAAAAAAAAAAAAAAAAAAAAAAAAAAAAAAAAAAAAAAAAAAAAAAAAAAAAAAAAAAAAAAAAAAAAAAAAAAAAAAAAAAAAAAAAAAAAAAAAAAAAAAAAAAAAAAAAAAAAAAAAAAAAAAAAAAAAAAAAAAAAAAAAAAAAAAAAAAAAAAAAAAAAAAAAAAAAAAAAAAAAAAAAAAAAAAAAAAAAAAAAAAAAAAAAAAAAAAAAAAAAAAAAAAAAAAAAAAAAAAAAAAAAAAAAAAAAAAAAAAAAAAAAAAAAAAAAAAAAAAAAAAAAAAAAAAAAAAAAAAAAAAAAAAAAAAAAAAAAAAAAAAAAAAAAAAAAAAAAAAAAAAAAAAAAAAAAAAAAAAAAAAAAAAAAAAAAAAAAAAAAAAAAAAAAAAAAAAAAAAAAAAAAAAAAAAAAAAAAAAAAAAAAAAAAAAAAAAAAAAAAAAAAAAAAAAAAAAAAAAAAAAAAAAAAAAAAAAAAAAAAAAAAAAAAAAAAAAAAAAAAAAAAAAAAAAAAAAAAAAAAAAAAAAAAAAAAAAAAAAAAAAAAAAAAAAAAAAAAAAAAAAAAAAAAAAAAAAAAAAAAAAAAAAAAAAAAAAAAAAAAAAAAAAAAAAAAAAAAAAAAAAAAAAAAAAAAAAAAAAAAAAAAAAAAAAAAAAAAAAAAAAAAAAAAAAAAAAAAAAAAAAAAAAAAAAAAAAAAAAAAAAAAAAAAAAAAAAAAAAAAAAAAAAAAAAAAAAAAAAAAAAAAAAAAAAAAAAAAAAAAAAAAAAAAAAAAAAAAAAAAAAAAAAAAAAAAAAAAAAAAAAAAAAAAAAAAAAAAAAAAAAAAAAAAAAAAAAAAAAAAAAAAAAAAAAAAAAAAAAAAAAAAAAAAAAAAAAAAAAAAAAAAAAAAAAAAAAAAAAAAAAAAAAAAAAAAAAAAAAAAAAAAAAAAAAAAAAAAAAAAAAAAAAAAAAAAAAAAAAAAAAAAAAAAAAAAAAAAAAAAAAAAAAAAAAAAAAAAAAAAAAAAAAAAAAAAAAAAAAAAAAAAAAAAAAAAAAAAAAAAAAAAAAAAAAAAAAAAAAAAAAAAAAAAAAAH/2Q==', 0);
INSERT INTO Users( user_id, Matricule, Name, Email, position, Department, superior_id, superior_name, Status, Signature, user_type ) VALUES ( 'a13c9d78-366b-420d-9134-62b467d09313', '00350', 'Fanirisoa Narindra ANDRIAMAHOLY (DT)', 'fanirisoa.andriamaholy@ravinala-airports.aero', 'Responsable Etudes', 'DT', '795790a4-02f8-4c36-a80e-eb66eb184097', 'Natolotra RAJOELINA (DT)', null, null, null);
INSERT INTO Users( user_id, Matricule, Name, Email, position, Department, superior_id, superior_name, Status, Signature, user_type ) VALUES ( 'a1f1d2ad-0eaa-4bea-99dd-4e666902cd73', '00313', 'Rija Masinisa NARIZAFY (DT)', 'rija.narizafy@ravinala-airports.aero', 'Chef de Service CVC et Plomberie', 'DT', '00b58219-2f52-470d-b48f-383c8fd9ba23', 'Andry Lova Tiana RAJERISON RASAONA (DT)', null, null, null);
INSERT INTO Users( user_id, Matricule, Name, Email, position, Department, superior_id, superior_name, Status, Signature, user_type ) VALUES ( 'a650643d-a634-4f4a-ad58-675bfbb61d56', '00291', 'Andry Henintsoa RAKOTOARIMANANA (DSI)', 'andry.rakotoarimanana@ravinala-airports.aero', 'Administrateur Systèmes', 'DSI', '83dc05fd-0e42-43f5-b0e0-1567df7647b1', 'Vonjimampianina RAKOTOARISOA (DSI)', null, null, null);
INSERT INTO Users( user_id, Matricule, Name, Email, position, Department, superior_id, superior_name, Status, Signature, user_type ) VALUES ( 'a751c8ff-f95b-431e-b7a6-6002628b379b', '00095', 'Maminiaina RAZAKAMANANTSOA (DOP)', 'maminiaina.razakamanantsoa@ravinala-airports.aero', 'Responsable d''Exploitation de Permanence', 'DOP', '6f76bda1-28b9-4666-8c7e-56d176dea46c', 'Miary RASAMOELY (DOP)', null, null, null);
INSERT INTO Users( user_id, Matricule, Name, Email, position, Department, superior_id, superior_name, Status, Signature, user_type ) VALUES ( 'ab5ce4f6-5150-4233-8fe8-57851df37e67', 'AG004', 'Ny Vahatra Tolotriniavo RAKOTOMANGA (DOP)', 'vahatra.rakotomanga@ravinala-airports.aero', 'Agent d’accueil', 'DOP', 'f904830e-8cf9-41ae-8520-66ec41ce7b31', 'RAZALINE (DOP)', null, null, null);
INSERT INTO Users( user_id, Matricule, Name, Email, position, Department, superior_id, superior_name, Status, Signature, user_type ) VALUES ( 'ac5b3655-ecbf-4b1e-8c21-f5625c820dec', '00240', 'Rabary Jachaziel RAMARIJAONA (DOP)', 'jachaziel.ramarijaona@ravinala-airports.aero', 'Coordinateur Terminal AOCC', 'DAF', '6f76bda1-28b9-4666-8c7e-56d176dea46c', 'Miary RASAMOELY (DOP)', null, null, null);
INSERT INTO Users( user_id, Matricule, Name, Email, position, Department, superior_id, superior_name, Status, Signature, user_type ) VALUES ( 'b0b429d4-85c0-4cb3-821a-726cd7391870', 'mezzanine.sr1', 'Salle de réunion - Mezzanine', 'mezzanine.sr1@ravinala-airports.aero', '', '', null, null, null, null, null);
INSERT INTO Users( user_id, Matricule, Name, Email, position, Department, superior_id, superior_name, Status, Signature, user_type ) VALUES ( 'b18078e2-3408-40ef-931b-a3ae3f2f77b2', 'ST159', 'Miranasoa RANAIVOSON (DRH)', 'miranasoa.ranaivoson@ravinala-airports.aero', 'Stagiaire DRH', 'DRH', 'd054c552-5c38-41d2-ae50-13805364fb99', 'Tanjona RIVONIRINA (DRH)', null, null, null);
INSERT INTO Users( user_id, Matricule, Name, Email, position, Department, superior_id, superior_name, Status, Signature, user_type ) VALUES ( 'b23aecb2-1059-40bd-b69f-0023586adb5f', '00134', 'Luc Gabriel RAZAKARIVONY (DOP)', 'gabriel.razakarivony@ravinala-airports.aero', 'Agent de piste', 'DOP', '5137249d-9e50-48f2-b598-19d2ba48e41f', 'Nirina Marius RAZAFIMAHATRATRA (DOP)', null, null, null);
INSERT INTO Users( user_id, Matricule, Name, Email, position, Department, superior_id, superior_name, Status, Signature, user_type ) VALUES ( 'b2b5434a-736d-4d06-bfd7-16e54a7c7c71', '00289', 'Zoelisoa RAJOHNSON (DCM)', 'zoelisoa.rajohnson@ravinala-airports.aero', 'Directrice Commerciale et Marketing', 'DCM', 'ec738732-6e94-4288-be4a-c098408d199d', 'Daniel LEFEBVRE (DGE)', null, null, null);
INSERT INTO Users( user_id, Matricule, Name, Email, position, Department, superior_id, superior_name, Status, Signature, user_type ) VALUES ( 'b3d50470-ae3d-4a1a-8048-90946b199535', '00269', 'Hariliva Mampionina Roger RANDRIAMANAMPISOA (DOP)', 'hariliva.randriamanampisoa@ravinala-airports.aero', 'Agent de piste', 'DOP', '0b27a9f1-3add-4181-847a-cc2dc8bcfa29', 'Tefy Antonio Patrick RAJAONAH (DOP)', null, null, null);
INSERT INTO Users( user_id, Matricule, Name, Email, position, Department, superior_id, superior_name, Status, Signature, user_type ) VALUES ( 'b528a814-3f62-475a-a626-0f245c943762', '00229', 'Hanitra Nadia ANDRIAMASINORO (DCM)', 'nadia.andriamasinoro@ravinala-airports.aero', 'Cheffe de Département Marketing', 'DCM', 'b2b5434a-736d-4d06-bfd7-16e54a7c7c71', 'Zoelisoa RAJOHNSON (DCM)', null, null, 0);
INSERT INTO Users( user_id, Matricule, Name, Email, position, Department, superior_id, superior_name, Status, Signature, user_type ) VALUES ( 'b61f90ac-e643-4fb7-aad6-d50b838d5daf', '00054', 'Earilala F. Harizo RAKOTOARISOA (DCM)', 'earilala.rakotoarisoa@ravinala-airports.aero', 'Contrôleur fret', 'DCM', '7e56abd1-af10-4ce0-be7f-33e8c9bfaceb', 'Herimalala Naly ANDRIAMIHAJA (DCM)', null, null, null);
INSERT INTO Users( user_id, Matricule, Name, Email, position, Department, superior_id, superior_name, Status, Signature, user_type ) VALUES ( 'b7356b76-d20f-4a44-bde5-e76af477e526', '00388', 'Toky Hasina Lucas RAMIANDRISOA (DAF)', 'toky.ramiandrisoa@ravinala-airports.aero', 'Analyste Financier', 'DAF', '83d28c24-2d52-408c-94fd-c04d9dc4bc5e', 'Joël TADZONG (DAF)', null, null, null);
INSERT INTO Users( user_id, Matricule, Name, Email, position, Department, superior_id, superior_name, Status, Signature, user_type ) VALUES ( 'b84b78dd-e0b3-4b9d-a1ac-66ef28100d55', '00441', 'Elie Advocat ANDRIANARIVONIRINA (DT)', 'elie.andrianarivonirina@ravinala-airports.aero', 'Technicien Eléctricité', 'DT', '98e1d5e0-961d-4e91-8f80-abf595ba01f2', 'Naly Nantenaina RAMANOELINA (DT)', null, null, null);
INSERT INTO Users( user_id, Matricule, Name, Email, position, Department, superior_id, superior_name, Status, Signature, user_type ) VALUES ( 'b981a27c-e025-4996-9ef0-905ab9de518b', 'AG008', 'Valisoa RAZAFINDRATSIMA (DOP)', 'valisoa.razafindratsima@ravinala-airports.aero', 'Agent d’accueil', 'DOP', 'a751c8ff-f95b-431e-b7a6-6002628b379b', 'Maminiaina RAZAKAMANANTSOA (DOP)', null, null, null);
INSERT INTO Users( user_id, Matricule, Name, Email, position, Department, superior_id, superior_name, Status, Signature, user_type ) VALUES ( 'ba5d519e-3b23-4201-a6a6-1d3760f6b214', '00418', 'Damien ANDRIATSILAVINA (DSI)', 'damien.andriantsilavina@ravinala-airports.aero', 'Chef de département Transformation Digitale', 'DSI', 'c894ab8a-7e91-41c9-8102-5eef8d8e99a0', 'Dominique RAKOTOMAMONJY (DSI)', null, null, 0);
INSERT INTO Users( user_id, Matricule, Name, Email, position, Department, superior_id, superior_name, Status, Signature, user_type ) VALUES ( 'bb56cf53-8ced-400f-9c14-44f08c0e9ffa', 'ST161', 'Vololomaharavo Emiliette HOVAFIADANANA', 'emiliette.hovafiadanana@ravinala-airports.aero', 'Stagiaire COM', 'COM', 'c3b4ef9e-aefb-4217-ac1b-473ad59d66c5', 'Harisoa RAZANAMPARANY (DGE)', null, null, null);
INSERT INTO Users( user_id, Matricule, Name, Email, position, Department, superior_id, superior_name, Status, Signature, user_type ) VALUES ( 'be0d92c8-880b-4eb1-9898-f65a43d4f5b5', '00390', 'Lionel ATEIFA (DCM)', 'lionel.ateifa@ravinala-airports.aero', 'Responsable Administratif et Gestionnaire de Contrats', 'DCM', 'eeba0c1b-8bc5-4808-8f0f-c33b3599d82e', 'Minosoa Tatamo RAKOTOZAFY (DCM)', null, null, null);
INSERT INTO Users( user_id, Matricule, Name, Email, position, Department, superior_id, superior_name, Status, Signature, user_type ) VALUES ( 'bef2c45e-09c4-43c2-80b0-a9ac0bc87f7b', '00326', 'Sahalasoa RAHANTAMAHATSANGY (DOP)', 'sahalasoa.rahantamahatsangy@ravinala-airports.aero', 'Agent d’accueil', 'DOP', '4c8cfbd5-435e-423b-bdf8-78d95000899e', 'Mamitiana RABARIJAONA (DOP)', null, null, null);
INSERT INTO Users( user_id, Matricule, Name, Email, position, Department, superior_id, superior_name, Status, Signature, user_type ) VALUES ( 'c0f8b79f-e6ca-4e14-8bf6-ad007e459e98', '00005', 'Fenitra ANDRIAMPARANY (DQRSE)', 'Fenitra.ANDRIAMPARANY@ravinala-airports.aero', 'Cheffe de Département Qualité et Gestion des risques', 'DQRSE', '0cb6e51a-302f-4d79-8a9c-0fbcd0ea62da', 'Felana RATSIMBAZAFY (DQRSE)', null, null, 0);
INSERT INTO Users( user_id, Matricule, Name, Email, position, Department, superior_id, superior_name, Status, Signature, user_type ) VALUES ( 'c3b4ef9e-aefb-4217-ac1b-473ad59d66c5', '00293', 'Harisoa RAZANAMPARANY (DGE)', 'harisoa.razanamparany@ravinala-airports.aero', 'Responsable Communication Opérationnelle', 'DGE', '528ab1c6-721e-4c57-bbb6-abe275754263', 'Sandrine RAHANTAMALALA (DGE)', null, null, null);
INSERT INTO Users( user_id, Matricule, Name, Email, position, Department, superior_id, superior_name, Status, Signature, user_type ) VALUES ( 'c45149aa-84f0-4e03-b26f-de62e9ff54c3', '00459', 'Tiavina Gael RAKOTOARISON (DSI)', 'gael.rakotoarison@ravinala-airports.aero', 'Technicien Data', 'DSI', 'ba5d519e-3b23-4201-a6a6-1d3760f6b214', 'Damien ANDRIATSILAVINA (DSI)', null, null, null);
INSERT INTO Users( user_id, Matricule, Name, Email, position, Department, superior_id, superior_name, Status, Signature, user_type ) VALUES ( 'c549f3ec-3d15-4664-9152-354912374478', '00378', 'Mahefa Nantenaina RANARIMISA (DSI)', 'Mahefa.RANARIMISA@ravinala-airports.aero', 'Technicien AOS & IT', 'DSI', 'ecead56b-8c32-4a01-bafd-4a05e135949f', 'Nathalie Doriane RALAIARIMALALA (DSI)', null, null, null);
INSERT INTO Users( user_id, Matricule, Name, Email, position, Department, superior_id, superior_name, Status, Signature, user_type ) VALUES ( 'c5b9b187-191e-4c7d-bc79-3f3c03983471', '00424', 'Mamy ANDRIANIRINA (DAF)', 'mamy.andrianirina@ravinala-airports.aero', 'Assistant Achat et Gestion de Stock', 'DAF', '78d49c75-a8d3-40a4-9219-fe206d74ac47', 'Faranirina Aromanda RAKOTOVAO (DAF)', null, null, null);
INSERT INTO Users( user_id, Matricule, Name, Email, position, Department, superior_id, superior_name, Status, Signature, user_type ) VALUES ( 'c76ff84b-fd61-41e9-9e30-31917a0e5392', '00374', 'Alexandrine Fabricia RATEFIARIMALALA (DAF)', 'Fabricia.RATEFIARIMALALA@ravinala-airports.aero', 'Assistante Comptable fournisseur', 'DAF', '071e2782-cdec-4119-bdb0-177e399fbb50', 'Cathia Vololomanana RAHARIMANANTSOA (DAF)', null, null, null);
INSERT INTO Users( user_id, Matricule, Name, Email, position, Department, superior_id, superior_name, Status, Signature, user_type ) VALUES ( 'c80dd00d-654a-4876-ba0f-bc097cb45d7c', '00199', 'Natacha Hariniaina ANDRIANARISON (DOP)', 'natacha.andrianarison@ravinala-airports.aero', 'Responsable d''Exploitation de Permanence', 'DOP', '6f76bda1-28b9-4666-8c7e-56d176dea46c', 'Miary RASAMOELY (DOP)', null, null, null);
INSERT INTO Users( user_id, Matricule, Name, Email, position, Department, superior_id, superior_name, Status, Signature, user_type ) VALUES ( 'c894ab8a-7e91-41c9-8102-5eef8d8e99a0', '00386', 'Dominique RAKOTOMAMONJY (DSI)', 'dominique.rakotomamonjy@ravinala-airports.aero', 'Directeur des Systèmes d''Information', 'DSI', 'ec738732-6e94-4288-be4a-c098408d199d', 'Daniel LEFEBVRE (DGE)', null, null, null);
INSERT INTO Users( user_id, Matricule, Name, Email, position, Department, superior_id, superior_name, Status, Signature, user_type ) VALUES ( 'c8afebaa-cb81-4623-9b51-c3a2e3c24aac', '00362', 'Mikaela RAVELOMANANTSOA (DSI)', 'mikaela.ravelomanantsoa@ravinala-airports.aero', 'Technicien AOS & IT', 'DSI', 'ecead56b-8c32-4a01-bafd-4a05e135949f', 'Nathalie Doriane RALAIARIMALALA (DSI)', null, null, null);
INSERT INTO Users( user_id, Matricule, Name, Email, position, Department, superior_id, superior_name, Status, Signature, user_type ) VALUES ( 'c8c511f4-0960-47aa-9763-a21a832a493f', '00132', 'Vero RAKOTONDRAZAKA (DOP)', 'vero.rakotondrazaka@ravinala-airports.aero', 'Cheffe de Quart', 'DOP', '0b27a9f1-3add-4181-847a-cc2dc8bcfa29', 'Tefy Antonio Patrick RAJAONAH (DOP)', null, null, null);
INSERT INTO Users( user_id, Matricule, Name, Email, position, Department, superior_id, superior_name, Status, Signature, user_type ) VALUES ( 'c8f08003-fdc5-4f4c-8a26-7341b6c9eab3', '00221', 'Litania RASOLONIAINA (DOP)', 'litania.rasoloniaina@ravinala-airports.aero', 'Coordinatrice Terminal AOCC', 'DOP', '6f76bda1-28b9-4666-8c7e-56d176dea46c', 'Miary RASAMOELY (DOP)', null, null, null);
INSERT INTO Users( user_id, Matricule, Name, Email, position, Department, superior_id, superior_name, Status, Signature, user_type ) VALUES ( 'c992ccbe-9996-41aa-89a3-c63471504eda', '00092', 'Maminiaina Pascal RAMAHANDRISOA (DAF)', 'pascal.ramahandrisoa@ravinala-airports.aero', 'Agent statistiques et facturation', 'DAF', '7a1865b2-fae2-41f0-b045-1db2c4d80727', 'Herimboahary Dinarisoa ANDRIANTOLOTIANA RAVONIRINA (DAF)', null, null, null);
INSERT INTO Users( user_id, Matricule, Name, Email, position, Department, superior_id, superior_name, Status, Signature, user_type ) VALUES ( 'caf1525e-bb2a-4ceb-8cda-d55159660a92', '00428', 'Jonathan RASOARAHONA (DOP)', 'jonathan.rasoarahona@ravinala-airports.aero', 'Agent de piste', 'DOP', '5137249d-9e50-48f2-b598-19d2ba48e41f', 'Nirina Marius RAZAFIMAHATRATRA (DOP)', null, null, null);
INSERT INTO Users( user_id, Matricule, Name, Email, position, Department, superior_id, superior_name, Status, Signature, user_type ) VALUES ( 'cc73c8fd-88f4-40c4-baec-52c658876525', '00158', 'Hariniaina Michael RAZAFIMAHATRATRA (DT)', 'michael.razafimahatratra@ravinala-airports.aero', 'Technicien électricité', 'DT', '98e1d5e0-961d-4e91-8f80-abf595ba01f2', 'Naly Nantenaina RAMANOELINA (DT)', null, null, null);
INSERT INTO Users( user_id, Matricule, Name, Email, position, Department, superior_id, superior_name, Status, Signature, user_type ) VALUES ( 'ce796eb6-0f7e-4dbc-9c1e-de00f53de186', 'ST154', 'Miantsafitia RAKOTOARIMANANA (DRH)', 'miantsafitia.rakotoarimanana@ravinala-airports.aero', 'Stagiaire DRH', 'DRH', '76c25f37-2089-4e81-8329-1b63d880b71a', 'Herinomenjanaharilala Sedera RASOLOFONDRAMANAMBE (DRH)', null, null, 0);
INSERT INTO Users( user_id, Matricule, Name, Email, position, Department, superior_id, superior_name, Status, Signature, user_type ) VALUES ( 'd054c552-5c38-41d2-ae50-13805364fb99', '00389', 'Tanjona RIVONIRINA (DRH)', 'tanjona.rivonirina@ravinala-airports.aero', 'Chef de Département Social et Qualité de Vie au Travail', 'DRH', '002b1f12-e8c5-4a30-81ca-e8532855de71', 'Dealilalaina Sedera RASOLOMANANA (DRH)', null, null, null);
INSERT INTO Users( user_id, Matricule, Name, Email, position, Department, superior_id, superior_name, Status, Signature, user_type ) VALUES ( 'd20f833d-cd1d-4b84-8fff-f39dad05fc18', '00436', 'Mirindra RABE (DQRSE)', 'mirindra.rabe@ravinala-airports.aero', 'Assistante Exécutive', 'DQRSE', '0cb6e51a-302f-4d79-8a9c-0fbcd0ea62da', 'Felana RATSIMBAZAFY (DQRSE)', null, null, null);
INSERT INTO Users( user_id, Matricule, Name, Email, position, Department, superior_id, superior_name, Status, Signature, user_type ) VALUES ( 'd2139f25-8cb5-4474-b4af-7c57696e7d30', '00300', 'Mbonitahina RATSIMBAZAFY (DAF)', 'tahina.ratsimbazafy@ravinala-airports.aero', 'Chef Superviseur Services Généraux', 'DAF', '68c559ab-6caf-4807-ba94-765716f6d5ec', 'Fetra RAZANAMPARANY (DAF)', null, null, null);
INSERT INTO Users( user_id, Matricule, Name, Email, position, Department, superior_id, superior_name, Status, Signature, user_type ) VALUES ( 'd263013a-5ed4-48bd-815e-5dcf989e4362', '00323', 'Sahaza Manoa RABEMANANTSOA (DOP)', 'sahaza.rabemanantsoa@ravinala-airports.aero', 'Agent d’accueil', 'DOP', 'f904830e-8cf9-41ae-8520-66ec41ce7b31', 'RAZALINE (DOP)', null, null, null);
INSERT INTO Users( user_id, Matricule, Name, Email, position, Department, superior_id, superior_name, Status, Signature, user_type ) VALUES ( 'd28f1035-8d64-4696-9cec-b57e71ff7b4f', 'ST152', 'Olivia RAKOTOARISON (DGE)', 'olivia.rakotoarison@ravinala-airports.aero', 'Stagiaire SGS', 'DGE', '44e428dd-85bf-45a2-8af8-929e2487b4bc', 'Sambatra RAKOTOARISOA (DOP)', null, null, null);
INSERT INTO Users( user_id, Matricule, Name, Email, position, Department, superior_id, superior_name, Status, Signature, user_type ) VALUES ( 'd3ca3dfb-417d-4b72-8be9-21c27e5eb7d4', '00394', 'Mitantsoa RATSIATOSIKA (DOP)', 'mitantsoa.ratsiatosika@ravinala-airports.aero', 'Agent d’accueil', 'DOP', 'a751c8ff-f95b-431e-b7a6-6002628b379b', 'Maminiaina RAZAKAMANANTSOA (DOP)', null, null, null);
INSERT INTO Users( user_id, Matricule, Name, Email, position, Department, superior_id, superior_name, Status, Signature, user_type ) VALUES ( 'd654aee9-bf86-48e3-b0fe-ea8139108874', 'ST140', 'ST140', 'dinasoa.randriamiadana@ravinala-airports.aero', 'Stagiaire RSE', '', '534dccca-14c9-4f41-beb9-ec7d88da7f86', 'Nomena RAVELOJAON (DQRSE)', null, null, null);
INSERT INTO Users( user_id, Matricule, Name, Email, position, Department, superior_id, superior_name, Status, Signature, user_type ) VALUES ( 'd6b6d0e3-d691-4cd3-bed4-da651a4aba9d', 'ST144', 'Kanto Miharintsoa RANDRIAMAMPIANINA (DSI)', 'kanto.randriamampianina@ravinala-airports.aero', 'Stagiaire DSI', 'DSI', 'ba5d519e-3b23-4201-a6a6-1d3760f6b214', 'Damien ANDRIATSILAVINA (DSI)', null, null, 1);
INSERT INTO Users( user_id, Matricule, Name, Email, position, Department, superior_id, superior_name, Status, Signature, user_type ) VALUES ( 'da53f46a-8c46-4d0d-b61b-e6bdb663a9d6', '00200', 'Ravakiniaina Esperance RANDRIAMIHARISOA (DOP)', 'ravakiniaina.randriamiharisoa@ravinala-airports.aero', 'Agente Slot AOCC', 'DOP', '4c8cfbd5-435e-423b-bdf8-78d95000899e', 'Mamitiana RABARIJAONA (DOP)', null, null, null);
INSERT INTO Users( user_id, Matricule, Name, Email, position, Department, superior_id, superior_name, Status, Signature, user_type ) VALUES ( 'db805c79-6ff8-45eb-97b2-f6825775f72f', '00446', 'Christelle RAKOTOMAVO (DSI)', 'christelle.rakotomavo@ravinala-airports.aero', 'Cheffe de Projet SI et Innovation', 'DSI', 'ba5d519e-3b23-4201-a6a6-1d3760f6b214', 'Damien ANDRIATSILAVINA (DSI)', null, '/9j/4AAQSkZJRgABAQAAAQABAAD/4gHYSUNDX1BST0ZJTEUAAQEAAAHIAAAAAAQwAABtbnRyUkdCIFhZWiAH4AABAAEAAAAAAABhY3NwAAAAAAAAAAAAAAAAAAAAAAAAAAAAAAAAAAAAAQAA9tYAAQAAAADTLQAAAAAAAAAAAAAAAAAAAAAAAAAAAAAAAAAAAAAAAAAAAAAAAAAAAAAAAAAAAAAAAAAAAAlkZXNjAAAA8AAAACRyWFlaAAABFAAAABRnWFlaAAABKAAAABRiWFlaAAABPAAAABR3dHB0AAABUAAAABRyVFJDAAABZAAAAChnVFJDAAABZAAAAChiVFJDAAABZAAAAChjcHJ0AAABjAAAADxtbHVjAAAAAAAAAAEAAAAMZW5VUwAAAAgAAAAcAHMAUgBHAEJYWVogAAAAAAAAb6IAADj1AAADkFhZWiAAAAAAAABimQAAt4UAABjaWFlaIAAAAAAAACSgAAAPhAAAts9YWVogAAAAAAAA9tYAAQAAAADTLXBhcmEAAAAAAAQAAAACZmYAAPKnAAANWQAAE9AAAApbAAAAAAAAAABtbHVjAAAAAAAAAAEAAAAMZW5VUwAAACAAAAAcAEcAbwBvAGcAbABlACAASQBuAGMALgAgADIAMAAxADb/2wBDAAoHBwgHBgoICAgLCgoLDhgQDg0NDh0VFhEYIx8lJCIfIiEmKzcvJik0KSEiMEExNDk7Pj4+JS5ESUM8SDc9Pjv/2wBDAQoLCw4NDhwQEBw7KCIoOzs7Ozs7Ozs7Ozs7Ozs7Ozs7Ozs7Ozs7Ozs7Ozs7Ozs7Ozs7Ozs7Ozs7Ozs7Ozs7Ozv/wAARCAAjAFkDASIAAhEBAxEB/8QAGwABAAIDAQEAAAAAAAAAAAAAAAUGAwQHAQL/xAAtEAABAwQBAQcDBQEAAAAAAAABAgMEAAUGESESEzEyQVGBkQcVIiMkQmFxof/EABQBAQAAAAAAAAAAAAAAAAAAAAD/xAAUEQEAAAAAAAAAAAAAAAAAAAAA/9oADAMBAAIRAxEAPwDs1KUoFKVilSWYcV2VJcS0yygrcWo8JSBsmgpn1OlyH7Wxj8J4tO3IOLeWk8oYaQVr+dBPua2bTmVnteM4+i9XRDUuXBYVpfUonaUjqUQD0gk950KjIwVPtOQ5xcUrbRLgOtwG197URKSQdeRWfy+K8xbEY0b6ZyHpn7iZdbWC86vkpR2X6aB6BKde43QdDpXMrBjFzzDDYt2u16lpnrjD7elh0ttxikaQsgeJRI2SfXVXTFLyq+4/HlvJ7OUjbMps/wAHkHpWPkH2IoJmlKUClKUEffLzGsFqcuUxKzHaWhLhQPCFLCer/BvZ/qt8EEbHcai8ns/3/GbhagoJVKYUhCj3BXekn3ArSxLJod5tMdl19DNzYQGpcRxQDrbieFbSedb7jQWKqZkshWT31nD4auqKnT94dQfA2DtLW/VZHPnqtnJcne7cY/jhTJvUkdPUn8kQk+bjh51ryB7zUpjmPRcctgiMEuurPaSZK+VyHD4lqPmSfig+79GgPY3Ohz30RILsZbTjpUEhtJGt7PA1uq4xnOJNWhu2NzJr8ZEcRw+3BeUFJCenewjR49OKn7tjNvvk6O/c+0ksxtFuItX6PXvxqT/I+XOx/VSyUhKQlIAAGgB3CgpVkzXDrLbIdobuMhhiO2GmnZsZ1oLA9VKSBv4rax+VjqcjnuWfJosgXFXbLt7b7agHeApxOudkDkevNWh9hmSypmQ0h1tXCkOJCkn/AEGo5WL2BSmV/ZYIVHcDjSkx0pKFA7BBA9aCVpSlApSlAqHvWJWDIiFXa1R5KxwHSOlwD0606V/2lKDPZsftOPRTGtEBqI0o7UEDlR9STyfepGlKBSlKBSlKBSlKBSlKD//Z', 0);
INSERT INTO Users( user_id, Matricule, Name, Email, position, Department, superior_id, superior_name, Status, Signature, user_type ) VALUES ( 'deabea11-e58c-4398-9a6b-48375f16e527', '00106', 'Hina Soaniaina RAJAONARIVONY (DOP)', 'hina.rajaonarivony@ravinala-airports.aero', 'Agent d’accueil', 'DOP', '30f2fa8a-f859-43c4-a06b-e9317c76c367', 'Rabemanantsoa Caroline RAMILIJAONA (DOP)', null, null, null);
INSERT INTO Users( user_id, Matricule, Name, Email, position, Department, superior_id, superior_name, Status, Signature, user_type ) VALUES ( 'dffac12b-aaf3-44ae-9ca9-32331b07cf36', 'yrabeariveloarisoa', 'Yohan RABEARIVELOARISOA', 'yrabeariveloarisoa@groupe-sra.fr', '', '', null, null, null, null, null);
INSERT INTO Users( user_id, Matricule, Name, Email, position, Department, superior_id, superior_name, Status, Signature, user_type ) VALUES ( 'e1654e34-5e16-407e-9de4-aaaa5342bc40', '00063', 'Ericka Marius ANDRIANANTONISOLO (DOP)', 'marius.andrianantonisolo@ravinala-airports.aero', 'Agent de piste', 'DOP', '5137249d-9e50-48f2-b598-19d2ba48e41f', 'Nirina Marius RAZAFIMAHATRATRA (DOP)', null, null, null);
INSERT INTO Users( user_id, Matricule, Name, Email, position, Department, superior_id, superior_name, Status, Signature, user_type ) VALUES ( 'e3c5e45c-a962-44ee-9997-d7f5249c25be', '00275', 'Mamy RANDRIANANTENAINA (DAF)', 'mamy.randrianantenaina@ravinala-airports.aero', 'Comptable Clients', 'DAF', '9c2ac066-01de-49a4-86a1-0d1153cb14e8', 'Andrianantenaina RAMAROLAHY (DAF)', null, null, null);
INSERT INTO Users( user_id, Matricule, Name, Email, position, Department, superior_id, superior_name, Status, Signature, user_type ) VALUES ( 'e43d90e6-d2a8-4104-b9a9-5a0c0ab14be9', 'ST158', 'Jonathan RANDRIANANTOANDROSON (DCM)', 'jonathan.randrianantoandroson@ravinala-airports.aero', 'Stagiaire - Assistant Projet et Gestion Immobilière', 'DCM', '2b6877d3-09d9-42cb-9f06-ecd63048bff5', 'Oeliarisoa Nomenjanahary ANDRIAMASOANDRO (DCM)', null, null, null);
INSERT INTO Users( user_id, Matricule, Name, Email, position, Department, superior_id, superior_name, Status, Signature, user_type ) VALUES ( 'e5ea3665-86a0-45df-8e07-eff95ac02d59', '00232', 'Fanilomanantsoa RANDRIANARIVELO (DOP)', 'fanilo.randrianarivelo@ravinala-airports.aero', 'Superviseur Maintenance AOCC', 'DOP', '3a60fbce-8356-4415-bbad-82e9280fe08a', 'Andrianina Luc RAKOTOMANDIMBY (DOP)', null, null, null);
INSERT INTO Users( user_id, Matricule, Name, Email, position, Department, superior_id, superior_name, Status, Signature, user_type ) VALUES ( 'e752d0a1-87be-4b22-b72f-427a073ab41a', '00329', 'Mandimby Harivola RANJALAHY (DOP)', 'harivola.ranjalahy@ravinala-airports.aero', 'Electromécanicien', 'DOP', 'e92c87f7-7a42-41f2-afaf-ac83782dc47f', 'Tojotahina ANDRIANASOA (DOP)', null, null, null);
INSERT INTO Users( user_id, Matricule, Name, Email, position, Department, superior_id, superior_name, Status, Signature, user_type ) VALUES ( 'e92c87f7-7a42-41f2-afaf-ac83782dc47f', '00272', 'Tojotahina ANDRIANASOA (DOP)', 'tojo.andrianasoa@ravinala-airports.aero', 'Responsable électromécanique', 'DOP', '3a60fbce-8356-4415-bbad-82e9280fe08a', 'Andrianina Luc RAKOTOMANDIMBY (DOP)', null, null, null);
INSERT INTO Users( user_id, Matricule, Name, Email, position, Department, superior_id, superior_name, Status, Signature, user_type ) VALUES ( 'e98b04ab-cd5d-489b-b8ab-27ba3944c806', 'ST146', 'ST146', 'mioratiana.razafindraibe@ravinala-airports.aero', 'Stagiaire DOP', 'DOP', '6f76bda1-28b9-4666-8c7e-56d176dea46c', 'Miary RASAMOELY (DOP)', null, null, null);
INSERT INTO Users( user_id, Matricule, Name, Email, position, Department, superior_id, superior_name, Status, Signature, user_type ) VALUES ( 'ea32c516-ef2f-49de-b7d8-79c293db68a3', '00039', 'Abel ANDRIATIANA (DOP)', 'abel.andriatiana@ravinala-airports.aero', 'Superviseur Maintenance AOCC', 'DOP', '3a60fbce-8356-4415-bbad-82e9280fe08a', 'Andrianina Luc RAKOTOMANDIMBY (DOP)', null, null, null);
INSERT INTO Users( user_id, Matricule, Name, Email, position, Department, superior_id, superior_name, Status, Signature, user_type ) VALUES ( 'ec4ea7d3-9c3e-4959-a333-c24e690bb787', '00450', 'Nourah VITAN’ALLAH FAZARAHLIE (DT)', 'nourah.fazarahlie@ravinala-airports.aero', 'Ingénieur Travaux et Améliorations Continues', 'DT', '1a0f5dab-9ad7-4a30-b73c-842f54ba6a9a', 'Rova RAHERIJAONA (DT)', null, null, null);
INSERT INTO Users( user_id, Matricule, Name, Email, position, Department, superior_id, superior_name, Status, Signature, user_type ) VALUES ( 'ec738732-6e94-4288-be4a-c098408d199d', '00431', 'Daniel LEFEBVRE (DGE)', 'daniel.lefebvre@ravinala-airports.aero', 'Directeur Général', 'DGE', null, null, null, null, null);
INSERT INTO Users( user_id, Matricule, Name, Email, position, Department, superior_id, superior_name, Status, Signature, user_type ) VALUES ( 'ecbeaa1f-ad76-452a-93f9-0aaa874378b6', '00071', 'Rasolofoniaina Patrick ANDRIATSALAMA (DOP)', 'patrick.andriatsalama@ravinala-airports.aero', 'Caissier fret', 'DOP', null, null, null, null, null);
INSERT INTO Users( user_id, Matricule, Name, Email, position, Department, superior_id, superior_name, Status, Signature, user_type ) VALUES ( 'ecead56b-8c32-4a01-bafd-4a05e135949f', '00285', 'Nathalie Doriane RALAIARIMALALA (DSI)', 'nathalie.ralaiarimalala@ravinala-airports.aero', 'Responsable support AOS/IT', 'DSI', 'c894ab8a-7e91-41c9-8102-5eef8d8e99a0', 'Dominique RAKOTOMAMONJY (DSI)', null, null, null);
INSERT INTO Users( user_id, Matricule, Name, Email, position, Department, superior_id, superior_name, Status, Signature, user_type ) VALUES ( 'ee6cb78f-98c3-46c5-b178-e946005f8918', '00318', 'Rindra Clark RAKOTOZANANY (DT)', 'rindra.rakotozanany@ravinala-airports.aero', 'Chef de Service Bâtiment et Infrastructures', 'DT', '00b58219-2f52-470d-b48f-383c8fd9ba23', 'Andry Lova Tiana RAJERISON RASAONA (DT)', null, null, null);
INSERT INTO Users( user_id, Matricule, Name, Email, position, Department, superior_id, superior_name, Status, Signature, user_type ) VALUES ( 'eeba0c1b-8bc5-4808-8f0f-c33b3599d82e', '00297', 'Minosoa Tatamo RAKOTOZAFY (DCM)', 'tatamo.rakotozafy@ravinala-airports.aero', 'Cheffe de Département des Activités Aéronautiques', 'DCM', 'b2b5434a-736d-4d06-bfd7-16e54a7c7c71', 'Zoelisoa RAJOHNSON (DCM)', null, null, null);
INSERT INTO Users( user_id, Matricule, Name, Email, position, Department, superior_id, superior_name, Status, Signature, user_type ) VALUES ( 'ef7df325-9632-4654-b6e4-ffa2a528fe32', '00203', 'Stéphane KANDRY (DOP)', 'stephane.kandry@ravinala-airports.aero', 'Agent de piste', 'DOP', '0b27a9f1-3add-4181-847a-cc2dc8bcfa29', 'Tefy Antonio Patrick RAJAONAH (DOP)', null, null, null);
INSERT INTO Users( user_id, Matricule, Name, Email, position, Department, superior_id, superior_name, Status, Signature, user_type ) VALUES ( 'f0571296-79bb-456d-a33e-03212345653f', '00305', 'Fanaja RABENARISON (DSI)', 'fanaja.rabenarison@ravinala-airports.aero', 'Responsable Data', 'DSI', 'ba5d519e-3b23-4201-a6a6-1d3760f6b214', 'Damien ANDRIATSILAVINA (DSI)', null, null, null);
INSERT INTO Users( user_id, Matricule, Name, Email, position, Department, superior_id, superior_name, Status, Signature, user_type ) VALUES ( 'f27d5a28-bd8f-4277-9b7d-0f09d5d277d9', '00115', 'Njaka A. RAZAFIMANANTSOA (DT)', 'njaka.razafimanantsoa@ravinala-airports.aero', 'Projeteur-métreur', 'DT', '00b58219-2f52-470d-b48f-383c8fd9ba23', 'Andry Lova Tiana RAJERISON RASAONA (DT)', null, null, null);
INSERT INTO Users( user_id, Matricule, Name, Email, position, Department, superior_id, superior_name, Status, Signature, user_type ) VALUES ( 'f2bab9bc-1220-4bbf-a0d9-8772c3ef7ce4', 'AG010', 'Elias RAJAONAH', 'elias.rajaonah@ravinala-airports.aero', 'Agent d’accueil', 'DOP', 'a751c8ff-f95b-431e-b7a6-6002628b379b', 'Maminiaina RAZAKAMANANTSOA (DOP)', null, null, null);
INSERT INTO Users( user_id, Matricule, Name, Email, position, Department, superior_id, superior_name, Status, Signature, user_type ) VALUES ( 'f2e54fcd-161d-4b93-a435-85ace1376769', '00410', 'Tiavina Princia FALIA (DRH)', 'tiavina.falia@ravinala-airports.aero', 'Assistante RH', 'DRH', '002b1f12-e8c5-4a30-81ca-e8532855de71', 'Dealilalaina Sedera RASOLOMANANA (DRH)', null, null, null);
INSERT INTO Users( user_id, Matricule, Name, Email, position, Department, superior_id, superior_name, Status, Signature, user_type ) VALUES ( 'f324c6e0-6e2a-4eae-833d-5a5b9eaa8ef8', '00445', 'Zo Andrianina RAZAKANOELINTSOA (DQRSE)', 'andrianina.razakanoelintsoa@ravinala-airports.aero', 'Responsable Environnement', 'DQRSE', '0cb6e51a-302f-4d79-8a9c-0fbcd0ea62da', 'Felana RATSIMBAZAFY (DQRSE)', null, null, null);
INSERT INTO Users( user_id, Matricule, Name, Email, position, Department, superior_id, superior_name, Status, Signature, user_type ) VALUES ( 'f37fb76f-7f07-434d-8e91-b3e2440f6eba', '00257', 'Elinirina RAOILIMANANA (DOP)', 'elinirina.raoilimanana@ravinala-airports.aero', 'Coordinatrice Terminal AOCC', 'DOP', '6f76bda1-28b9-4666-8c7e-56d176dea46c', 'Miary RASAMOELY (DOP)', null, null, null);
INSERT INTO Users( user_id, Matricule, Name, Email, position, Department, superior_id, superior_name, Status, Signature, user_type ) VALUES ( 'f4427154-9d99-4871-bbd9-e5f2d6620f3e', '00370', 'Nadya ANDRIAMANANTENASOA (DOP)', 'nadya.andriamanantenasoa@ravinala-airports.aero', 'Cassière Parking', 'DOP', '20fff662-51ee-4fc4-99ae-dc7a9c361cbd', 'Fanjanirina RAFANILONIAINA (DOP)', null, null, null);
INSERT INTO Users( user_id, Matricule, Name, Email, position, Department, superior_id, superior_name, Status, Signature, user_type ) VALUES ( 'f7908fc5-0e01-4145-9537-d09658df1634', 'AG001', 'Mihanoka Harena ANDRIATSIFERANIAINA (DOP)', 'mihanoka.andriatsiferana@ravinala-airports.aero', 'Agent d''accueil', 'DOP', 'f904830e-8cf9-41ae-8520-66ec41ce7b31', 'RAZALINE (DOP)', null, null, null);
INSERT INTO Users( user_id, Matricule, Name, Email, position, Department, superior_id, superior_name, Status, Signature, user_type ) VALUES ( 'f8bfa608-24db-48e1-9150-7deccba83b6c', '00196', 'Aina Sandy RATELOSON (DAF)', 'sandy.rateloson@ravinala-airports.aero', 'Assistant Facturation et Statistiques', 'DAF', '7a1865b2-fae2-41f0-b045-1db2c4d80727', 'Herimboahary Dinarisoa ANDRIANTOLOTIANA RAVONIRINA (DAF)', null, null, null);
INSERT INTO Users( user_id, Matricule, Name, Email, position, Department, superior_id, superior_name, Status, Signature, user_type ) VALUES ( 'f904830e-8cf9-41ae-8520-66ec41ce7b31', '00036', 'RAZALINE (DOP)', 'razaline@ravinala-airports.aero', 'Responsable d''Exploitation de Permanence', 'DOP', '6f76bda1-28b9-4666-8c7e-56d176dea46c', 'Miary RASAMOELY (DOP)', null, null, null);
INSERT INTO Users( user_id, Matricule, Name, Email, position, Department, superior_id, superior_name, Status, Signature, user_type ) VALUES ( 'f9f54d9b-6aef-45d8-9343-a7a8258b9a43', '00197', 'Fetrarinosy Aurélia NAMELANATOANDRO (DOP)', 'aurelia.namelanatoandro@ravinala-airports.aero', 'Agent d’accueil', 'DOP', '30f2fa8a-f859-43c4-a06b-e9317c76c367', 'Rabemanantsoa Caroline RAMILIJAONA (DOP)', null, null, null);
INSERT INTO Users( user_id, Matricule, Name, Email, position, Department, superior_id, superior_name, Status, Signature, user_type ) VALUES ( 'fa4f28e4-6efe-428a-ac80-ad54716e75b5', '00006', 'Mamy Lala RAKOTOZAFY (DAF)', 'mamy.rakotozafy@ravinala-airports.aero', 'Assistante de Direction', 'DAF', '11715a63-e237-46b3-b568-ffa6fc087000', 'Romain PIERRU (DAF)', null, null, 1);
INSERT INTO Users( user_id, Matricule, Name, Email, position, Department, superior_id, superior_name, Status, Signature, user_type ) VALUES ( 'fbb54cbc-17ca-4708-827d-33ddc9a8defd', '00399', 'Vatosoa Maminiaina RAJAOFERA (DRH)', 'vatosoa.rajaofera@ravinala-airports.aero', 'Responsable Compétence et Performances', 'DRH', '76c25f37-2089-4e81-8329-1b63d880b71a', 'Herinomenjanaharilala Sedera RASOLOFONDRAMANAMBE (DRH)', null, '/9j/4AAQSkZJRgABAQAAAQABAAD/4gHYSUNDX1BST0ZJTEUAAQEAAAHIAAAAAAQwAABtbnRyUkdCIFhZWiAH4AABAAEAAAAAAABhY3NwAAAAAAAAAAAAAAAAAAAAAAAAAAAAAAAAAAAAAQAA9tYAAQAAAADTLQAAAAAAAAAAAAAAAAAAAAAAAAAAAAAAAAAAAAAAAAAAAAAAAAAAAAAAAAAAAAAAAAAAAAlkZXNjAAAA8AAAACRyWFlaAAABFAAAABRnWFlaAAABKAAAABRiWFlaAAABPAAAABR3dHB0AAABUAAAABRyVFJDAAABZAAAAChnVFJDAAABZAAAAChiVFJDAAABZAAAAChjcHJ0AAABjAAAADxtbHVjAAAAAAAAAAEAAAAMZW5VUwAAAAgAAAAcAHMAUgBHAEJYWVogAAAAAAAAb6IAADj1AAADkFhZWiAAAAAAAABimQAAt4UAABjaWFlaIAAAAAAAACSgAAAPhAAAts9YWVogAAAAAAAA9tYAAQAAAADTLXBhcmEAAAAAAAQAAAACZmYAAPKnAAANWQAAE9AAAApbAAAAAAAAAABtbHVjAAAAAAAAAAEAAAAMZW5VUwAAACAAAAAcAEcAbwBvAGcAbABlACAASQBuAGMALgAgADIAMAAxADb/2wBDAAoHBwgHBgoICAgLCgoLDhgQDg0NDh0VFhEYIx8lJCIfIiEmKzcvJik0KSEiMEExNDk7Pj4+JS5ESUM8SDc9Pjv/2wBDAQoLCw4NDhwQEBw7KCIoOzs7Ozs7Ozs7Ozs7Ozs7Ozs7Ozs7Ozs7Ozs7Ozs7Ozs7Ozs7Ozs7Ozs7Ozs7Ozs7Ozv/wAARCAHCAyADASIAAhEBAxEB/8QAGwABAQADAQEBAAAAAAAAAAAAAAYEBQcBAgP/xAA/EAEAAQMDAQMHCAYLAAAAAAAAAQIDBAUGEQcSITETFEFRYXGRIiMydYGhwcIVFiQ2Q5JSU1RiZHKCorHR8P/EABQBAQAAAAAAAAAAAAAAAAAAAAD/xAAUEQEAAAAAAAAAAAAAAAAAAAAA/9oADAMBAAIRAxEAPwDswAAAAAAAAAAAAAAAAAAAAAAAAAAAAAAAAAAAAAAAAAAAAAAAAAAAAAAAAAAAAAAAAAAAAAAAAAAAAAAAAAAAAAAAAAAAAAAAAAAAAAAAAAAAAAAAAAAAAAAAAAAAAAAAAAAAAAAAAAAAAAAAAAAAAAAAAAAAAAAAAAAAAAAAAAAAAAAAAAAAAAAAAAAAAAAAAAAAAAAAAAAAAAAAAAAAAAAAAAAAAAAAAAAAAAAAAAAAAAAAAAAAAAAAAAAAAAAAAAAAAAAAAAAAAAAAAAAAAAAAAAAAAAAAAAAAAAAAAAAAAAAAAAAAAAAAAAAAAAAAAAAAAAAAAAAAAAAAAAAAAAAAAAAAAAAAAAAAAAAAAAAAAAAAAAAAAAAAAAAAAAAAAAAAAAAAAAAAAAAAAAAAAAAAAAAAAAAAAAAAAAAAAAAAAAAAAAAAAAAAAAAAAAAAAAAAAAAAAAAAAAAAAAAAAAAAAAAAAAAAAAAAAAAAAAAAAAAAAAAAAAAAAAAAAAAAAAAAAAAAAAAAAMHM1rTtP1DC0/KyqLWTn1VU49ueebk0xzPu+0GcAA0G5N6aJtS7iWtVyKrdeXVMUU0UdriI4iap9Ud8N7VVTRRNdUxFNMczM+iEBsPSLG5bGVu/WrXnl7VK7lGPayPl0WcaK+Ioime7xp/9zIOgRMVRExPMT3xL15EREcRHEQ9AAAAAAAAAAAAAAAAAAAAAAAAAAAAAAAAAAAAAAAAAAAAAAAAAAAAAAAAAAAAAAAAAAAAAAAAAAAAAAAAAAAAAAAAAAAAAcX6p1XbfUWzm0XKor0zTrGVa7+6mrzqKZn4S7Q471PtTe3XrcU/So2zRXH+nLon8AdgpqiqiKo8Jjl9MbTrsXtNxbseFdmir4xDJBqd1ZE4u0tXv0zxVRhXppn1T2J4Yuw7EY2xNFtRHHGHbmffMcz/y/PqHd8j0/wBbr/wlUfHu/FstuWvIbZ0u1xx2MO1E/wAkA2QAAAAAAAAAAAAAAAAAAAAAAAAAAAAAAAAAAAAAAAAAAAAAAAAAAAAAAAAAAAAAAAAAAAAAAAAAAAAAAAAAAAAAAAAAAAAANHvDcEbZ2zlalEU136YijHt1d/lLtU8Uxx6e/v8AdEpavZ17T9i7j1DVb3n2ualg3bl+9NPE0cUdqLVPj3RMejx7vVDP3rRGZvTZmnVR2qLmZeyJpnwnyVuKvxWd23TetV2q45orpmmqPXEg1W0cmnL2do1+mqKu3g2eZifT2I5j48twiel9yrE0fP29eq+f0XOu2OzP9XM9qir3TzPwWwJDqtc8l011ifTVRbpj7blEfiqsa15DFtWY/h0RT8I4SHVSe3tjFw/7bqWNY49fNfP5VoAAAAAAAAAAAAAAAAAAAAAAAAAAAAAAAAAAAAAAAAAAAAAAAAAAAAAAAAAAAAAAAAAAAAAAAAAAAAAAAAAAAAAAAAAAAAAACK1yrzzq1tjGtd9en4uXlXvZRcp8nT/uhaojb8fpDqrubOnvpwrGPh0T74muqPjC3BD4MfovrHqNifk29X023kUeqqu3PZmPfxzK4RG9v2PeGztTju7GbcxqqvZco44+5bgieo/zmVtXH/p65Zr4/wAsVf8Aa2RW+453Hs760/KtQAAAAAAAAAAAAAAAAAAAAAAAAAAAAAAAAAAAAAAAAAAAAAAAAAAAAAAAAAAAAAAAAAAAAAAAAAAAAAAAAAAAAAAAAAAAAHng9a/X8+nS9vajn1T3Y2Lcue+YpmYgE10xnzrTtZ1We+dQ1jIuxV/ciYimPdHErVM9OdPq03YGkWa/p3LEX6ufHm5M1/mUwI7qlj11bNr1GzHORpOTazbXvoqiJ+6ZVmLk28zEs5Vmebd63Tcon1xMcw1+58GvUtraphWqO3cv4lyiimPTV2Z4j4sHp/nW9R2JpF63X2uzjU2q/ZVR8mY+MA1u+v3k2d9aflWqJ3l8/vjZmJHjOXevfyW+VsAAAAAAAAAAAAAAAAAAAAAAAAAAAAAAAAAAAAAAAAAAAAAAAAAAAAAAAAAAAAAAAAAAAAAAAAAAAAAAAAAAAAAAAAAAAAAjeql6v9TKsC1M+V1PKs4dER4zNVUTx8IlZIjX5nWep2gaRT8qzplqvUr8eiKvo2+fbE9/2gssaxTi4trHojim1RTRTEeqI4fqACE2/NW0t95227sfsWsV15+n1x3RTV/Et8ff9ntXaJ6o2pxdCxNwWI7OVo2Zav0Vx49iaoprp908xz7gfWfHnnWPSrM98afpN7Jj2TXX5NaIjTb1Ob1gz8iiqKqLei2aaZieY4qr7S3AAAAAAAAAAAAAAAAAAAAAAAAAAAAAAAAAAAAAAAAAAAAAAAAAAAAAAAAAAAAAAAAAAAAAAAAAAAAAAAAAAAAAAAAAAAAARGyY843lvLNu/KvxnUWIqn0UUU8UxC3ROw/3k3l9aflBbAAMbUMO1qOnZGFeoprt5Fqq3VTXHMTExx4MkBy3pHomraVrGuUarj3aKsWm3iW7tdNUU3aaJq76ZnxjiI8PRw6kAAAAAAAAAAAAAAAAAAAAAAAAAAAAAAAAAAAAAAAAAAAAAAAAAAAAAAAAAAAAAAAAAAAAAAAAAAAAAAAAAAAAAAAAAAAAADQaFty7ouv67nxlU3MfVb1F+i12eKrdURMVcz6eZ44b8AAAAAAAAAAAAAAAAAAAAAAAAAAAAAAAAAAAAAAAAAAAAAAAAAAAAAAAAAAAAAAAAAAAAAAAAAAAAAAAAAAAAAAAAAAAAAAAAAAAAAAAAAAAAAAAAAAAAAAAAAAAAAAAAAAAAAAAAAAAAAAAAAAAAAAAAAAAAAAAAAAAAAAAAAAAAAAAAAAAAAAAAAAAAAAAAAAAAAAAAAAAAAAAAAAAAAAAAAAAAAAAAAAAAAAAAAAAAAAAAAAAAAAAAAAAAAAAAAAAAAAAAAAAAAAAAAAAAAAAAAAAAAAAAAAAAAAAAAAAAAAAAAAAAAAAAAAAAAAAAAAAAAAAAAAAAAAAAAAAAAAAAAAAAAAAAAAAAAAAAAAAAAAAAAAAAAAAAAAAAAAAAAAAAAAAAAAAAAAAAAAAAAAAAAAAAAAAAAAAAAAAAAAAAAAAAAAAAAAAAAAAAAAAAAAAAAAAAAAAAAAAAAAAAAAAAAAAAAAAAAAAAAAAAAAAAAAAAAAAAAAAAAAAAAAAAAAAAAAAAAAAAAAAAAAAAAAAAAAAAAAAAAAAAAAAAAAAAAAAAAAAAAAAAAAAAAAAAAAAAAAAAAAAAAAAAAAAAAAAAAAAAAAAAAAAAAAAAAAAAAAAAAAAAAAAAAAAAAAAAAAAAAAAAAAAAAAAAAAAAAAAAAAAAAAAAAAAAAAAAAAAAAAAAAAAAAAAAAAAAAAAAAAAAAAAAAAAAAAAAAAAAAAAAAAAAAAAAAAAAAAAAAAAAAAAAAAAAAAAAAAAAAAAAAAAAAAAAAAAAAAAAAAAAAAAAAAAAAAAAAAAAAAAAAAAAAAAAAAAAAAAAAAAAAAAAAAAAAAAAAAAAAAAAAAAAAAAAAAAAAAAAAAAAAAAAAAAAAAAAAAAAAAAAAAAAAAAAAAAAAAAAAAAAAAAAAAAAAAAAAAAAAAAAAAAAAAAAAAAAAAAAAAAAAAAAAAAAAAAAAAAAAAAAAAAAAAAAAAAAAAAAAAAAAAAAAAAAAAAAAAAAAAAAAAAAAAAAAAAAAAAAAAAAAAAAAAAAAAAAAAAAAAAAAAAAAAAAAAAAAAAAAAAAAAAAAAAAAAAAAAAAAAAAAAAAAAAAAAAAAAAAAAAAAAAAAAAAAAAAAAAAAAAAAAAAAAAAAAAAAAAAAAAAAAAAAAAAAAAAAAAAAAAAAAAAAAAAAAAAAAAAAAAAAAAAAAAAAAAAAAAAAAAAAAAAAAAAAAAAAAAAAAAAAAAAAAAAAAAAAAAAAAAAAAAAAAAAAAAAAAAAAAAAAAAAAAAAAAAAAAAAAAAAAAAAAAAAAAAAAAAAAAAAAAAAAAAAAAAAAAAAAAAAAAAAAAAAAAAAAAAAAAAAAAAAAAAAAAAAAAAAAAAAAAAAAAAAAAAAAAAAAAAAAAAAAAAAAAAAAAAAAAAAAAAAAAAAAAAAAAAAAAAAAAAAAAAAAAAAAAAAAAAAAAAAAAAAAAAAAAAAAAAAAAAAAAAAAAAAAAAAAAAAAAAAAAAAAAAAAAAAAAAAAAAAAAAAAAAAAAAAAAAAAAAAAAAAAAAAAAAAAAAAAAAAAAAAAAAAAAAAAAAAAAAAAAAAAAAAAAAAAAAAAAAAAAAAAAAAAAAAAAAAAAAAAAAAAAAAAAAAAAAAAAAAAAAAAAAAAAAAAAAAAAAAAAAAAAAAAAAAAAAAAAAAAAAAB//2Q==', 0);
INSERT INTO Users( user_id, Matricule, Name, Email, position, Department, superior_id, superior_name, Status, Signature, user_type ) VALUES ( 'fe2c0567-d7ae-4db2-8b2c-27ee4f203e5b', '00122', 'Hervé Nirina ANDRIANASOLO (DOP)', 'herve.andrianasolo@ravinala-airports.aero', 'Conducteur de Passerelle', 'DOP', '30f2fa8a-f859-43c4-a06b-e9317c76c367', 'Rabemanantsoa Caroline RAMILIJAONA (DOP)', null, null, null);
INSERT INTO Users( user_id, Matricule, Name, Email, position, Department, superior_id, superior_name, Status, Signature, user_type ) VALUES ( 'fe889786-fc4d-413c-aa08-b2296cd85249', '00195', 'Michou RAKOTONDRAMAZAVA (DAF)', 'michou.rakotondramazava@ravinala-airports.aero', 'Contrôleuse de Crédit et Facturation', 'DAF', '7a1865b2-fae2-41f0-b045-1db2c4d80727', 'Herimboahary Dinarisoa ANDRIANTOLOTIANA RAVONIRINA (DAF)', null, null, null);
INSERT INTO Users( user_id, Matricule, Name, Email, position, Department, superior_id, superior_name, Status, Signature, user_type ) VALUES ( 'ff0ef660-c516-4338-9319-2e1f22d8be26', 'AG007', 'Mamy Tiana RAKOTOARINORO (DOP)', 'mamy.rakotoarinoro@ravinala-airports.aero', 'Agent d’accueil', 'DOP', 'f904830e-8cf9-41ae-8520-66ec41ce7b31', 'RAZALINE (DOP)', null, null, null);
INSERT INTO Users( user_id, Matricule, Name, Email, position, Department, superior_id, superior_name, Status, Signature, user_type ) VALUES ( 'ffc8ccc9-4a59-4341-8177-ece440fe1b8e', '00173', 'Andriantsoa Rianando RANDRIANANDRAINA (DOP)', 'rianando.randrianandraina@ravinala-airports.aero', 'Superviseur Maintenance AOCC', 'DOP', '3a60fbce-8356-4415-bbad-82e9280fe08a', 'Andrianina Luc RAKOTOMANDIMBY (DOP)', null, null, null);


INSERT INTO user_role (user_id, role_id)
VALUES
    ('ce796eb6-0f7e-4dbc-9c1e-de00f53de186', 'ROLE_001'),
    ('ce796eb6-0f7e-4dbc-9c1e-de00f53de186', 'ROLE_002'),
    ('ce796eb6-0f7e-4dbc-9c1e-de00f53de186', 'ROLE_003');


INSERT INTO habilitations (habilitation_id, label)
VALUES
    ('HAB_001','mission_insertion'),
    ('HAB_002','mission_consultation'),
    ('HAB_003','mission_modification'),
    ('HAB_004','mission_suppression'),
    ('HAB_005','mission_validation'),
    ('HAB_006','utilisateur_consultation'),
    ('HAB_007','utilisateur_creation'),
    ('HAB_008','utilisateur_modification'),
    ('HAB_009','utilisateur_suppression'),
    ('HAB_010','role_consultation'),
    ('HAB_011','role_creation'),
    ('HAB_012','role_modification'),
    ('HAB_013','role_suppression'),
    ('HAB_014','rapport_consultation'),
    ('HAB_015','rapport_export'),
    ('HAB_016','parametre_systeme'),
    ('HAB_017','journal_audit_consultation'),
    ('HAB_018','journal_audit_export'),
    ('HAB_019','tableau_de_bord_consultation'),
    ('HAB_020','statistique_export'),
    ('HAB_021','administration_generale');



INSERT INTO role_habilitation (habilitation_id, role_id)
VALUES
    ('HAB_001', 'ROLE_001'),
    ('HAB_001', 'ROLE_002'),
    ('HAB_001', 'ROLE_003');


INSERT INTO lieu (lieu_id, nom, adresse, ville, code_postal, pays, created_at, updated_at) VALUES
('1', 'Analamanga', '', '', '', 'Madagascar', GETDATE(), GETDATE()),
('2', 'Bongolava', '', '', '', 'Madagascar', GETDATE(), GETDATE()),
('3', 'Itasy', '', '', '', 'Madagascar', GETDATE(), GETDATE()),
('4', 'Vakinankaratra', '', '', '', 'Madagascar', GETDATE(), GETDATE()),
('5', 'Diana', '', '', '', 'Madagascar', GETDATE(), GETDATE()),
('6', 'Sava', '', '', '', 'Madagascar', GETDATE(), GETDATE()),
('7', 'Amoron''i Mania', '', '', '', 'Madagascar', GETDATE(), GETDATE()),
('8', 'Atsimo-Atsinanana', '', '', '', 'Madagascar', GETDATE(), GETDATE()),
('9', 'Haute Matsiatra', '', '', '', 'Madagascar', GETDATE(), GETDATE()),
('10', 'Ihorombe', '', '', '', 'Madagascar', GETDATE(), GETDATE()),
('11', 'Fitovinany', '', '', '', 'Madagascar', GETDATE(), GETDATE()),
('12', 'Vatovavy', '', '', '', 'Madagascar', GETDATE(), GETDATE()),
('13', 'Betsiboka', '', '', '', 'Madagascar', GETDATE(), GETDATE()),
('14', 'Boeny', '', '', '', 'Madagascar', GETDATE(), GETDATE()),
('15', 'Melaky', '', '', '', 'Madagascar', GETDATE(), GETDATE()),
('16', 'Sofia', '', '', '', 'Madagascar', GETDATE(), GETDATE()),
('17', 'Alaotra-Mangoro', '', '', '', 'Madagascar', GETDATE(), GETDATE()),
('18', 'Analanjirofo', '', '', '', 'Madagascar', GETDATE(), GETDATE()),
('19', 'Atsinanana', '', '', '', 'Madagascar', GETDATE(), GETDATE()),
('20', 'Androy', '', '', '', 'Madagascar', GETDATE(), GETDATE()),
('21', 'Anosy', '', '', '', 'Madagascar', GETDATE(), GETDATE()),
('22', 'Atsimo-Andrefana', '', '', '', 'Madagascar', GETDATE(), GETDATE()),
('23', 'Menabe', '', '', '', 'Madagascar', GETDATE(), GETDATE()),
('24', 'Nosy Be', '', '', '', 'Madagascar', GETDATE(), GETDATE());


INSERT INTO expense_type (expense_type_id, type, time_start, time_end, created_at, updated_at)
VALUES 
('exp001', 'Petit Déjeuner', '06:30:00', '08:00:00', GETDATE(), GETDATE()),
('exp002', 'Déjeuner',        '12:00:00', '13:30:00', GETDATE(), GETDATE()),
('exp003', 'Diner',           '18:30:00', '20:00:00', GETDATE(), GETDATE()),
('exp004', 'Hébergement',     '21:00:00', '05:00:00', GETDATE(), GETDATE());


INSERT INTO expense_report_type (expense_report_type_id, type, created_at, updated_at)
VALUES 
('ex_rep001', 'Frais de transport/mission', GETDATE(), GETDATE()),
('ex_rep002', 'Frais de restauration/recéption', GETDATE(), GETDATE()),
('ex_rep003', 'Autres dépenses', GETDATE(), GETDATE());

INSERT INTO transport (transport_id, type, created_at, updated_at)
VALUES 
('tr001', 'Voiture', GETDATE(), GETDATE()),
('tr002', 'Avion', GETDATE(), GETDATE());

INSERT INTO compensation_scale (
  compensation_scale_id, amount, created_at, updated_at, 
  transport_id, expense_type_id, employee_category_id
) VALUES 
('comp001', 15000.00, GETDATE(), GETDATE(), 'tr001', NULL, 'EC_0001'),
('comp002', 50000.00, GETDATE(), GETDATE(), 'tr002', NULL, 'EC_0001'),
('comp003', 25000.00, GETDATE(), GETDATE(), NULL, 'exp001', 'EC_0001'),
('comp004', 35000.00, GETDATE(), GETDATE(), NULL, 'exp002', 'EC_0001'),
('comp005', 35000.00, GETDATE(), GETDATE(), NULL, 'exp003', 'EC_0001'),
('comp006', 120000.00, GETDATE(), GETDATE(), NULL, 'exp004', 'EC_0001');
INSERT INTO compensation_scale (
  compensation_scale_id, amount, created_at, updated_at, 
  transport_id, expense_type_id, employee_category_id
) VALUES 
('comp007', 15000.00, GETDATE(), GETDATE(), 'tr001', NULL, 'EC_0002'),
('comp008', 50000.00, GETDATE(), GETDATE(), 'tr002', NULL, 'EC_0002'),
('comp009', 25000.00, GETDATE(), GETDATE(), NULL, 'exp001', 'EC_0002'),
('comp0010', 35000.00, GETDATE(), GETDATE(), NULL, 'exp002', 'EC_0002'),
('comp0011', 35000.00, GETDATE(), GETDATE(), NULL, 'exp003', 'EC_0002'),
('comp0012', 120000.00, GETDATE(), GETDATE(), NULL, 'exp004', 'EC_0002');
INSERT INTO compensation_scale (
  compensation_scale_id, amount, created_at, updated_at, 
  transport_id, expense_type_id, employee_category_id
) VALUES 
('comp0013', 15000.00, GETDATE(), GETDATE(), 'tr001', NULL, 'EC_0003'),
('comp0014', 50000.00, GETDATE(), GETDATE(), 'tr002', NULL, 'EC_0003'),
('comp0015', 25000.00, GETDATE(), GETDATE(), NULL, 'exp001', 'EC_0003'),
('comp0016', 35000.00, GETDATE(), GETDATE(), NULL, 'exp002', 'EC_0003'),
('comp0017', 35000.00, GETDATE(), GETDATE(), NULL, 'exp003', 'EC_0003'),
('comp0018', 120000.00, GETDATE(), GETDATE(), NULL, 'exp004', 'EC_0003');
